donor	site	role	gsm	seq_run	gex_library	version	tissue	source	library_protocol	raw_matrix_assays	filename	url	content_length_bytes
D512	NY	held	GSM9031342	001	CZINY-0161	v2	pooled:blood,jejunal epithelium,inguinal lymph node,lung,mesenteric lymph node,thoracic lymph node,epithelial lining fluid,jejunum lamina propria	LiveOnNY	10x 5' v2	snRNA-seq, CITE-seq	GSE299043_D512_001.CZINY-0161.v2.h5ad	https://ftp.ncbi.nlm.nih.gov/geo/series/GSE299nnn/GSE299043/suppl/GSE299043_D512_001.CZINY-0161.v2.h5ad	47788072
D512	NY	held	GSM9031343	001	CZINY-0162	v2	pooled:blood,jejunal epithelium,inguinal lymph node,lung,mesenteric lymph node,thoracic lymph node,epithelial lining fluid,jejunum lamina propria	LiveOnNY	10x 5' v2	snRNA-seq, CITE-seq	GSE299043_D512_001.CZINY-0162.v2.h5ad	https://ftp.ncbi.nlm.nih.gov/geo/series/GSE299nnn/GSE299043/suppl/GSE299043_D512_001.CZINY-0162.v2.h5ad	49126946
D512	NY	held	GSM9031344	001	CZINY-0163	v1	pooled:blood,jejunal epithelium,inguinal lymph node,lung,mesenteric lymph node,thoracic lymph node,epithelial lining fluid,jejunum lamina propria	LiveOnNY	10x 5' v2	snRNA-seq, CITE-seq	GSE299043_D512_001.CZINY-0163.v1.h5ad	https://ftp.ncbi.nlm.nih.gov/geo/series/GSE299nnn/GSE299043/suppl/GSE299043_D512_001.CZINY-0163.v1.h5ad	16024731
D512	NY	held	GSM9031345	001	CZINY-0164	v2	pooled:blood,jejunal epithelium,inguinal lymph node,lung,mesenteric lymph node,thoracic lymph node,epithelial lining fluid,jejunum lamina propria	LiveOnNY	10x 5' v2	snRNA-seq, CITE-seq	GSE299043_D512_001.CZINY-0164.v2.h5ad	https://ftp.ncbi.nlm.nih.gov/geo/series/GSE299nnn/GSE299043/suppl/GSE299043_D512_001.CZINY-0164.v2.h5ad	49854560
D512	NY	held	GSM9031346	001	CZINY-0165	v2	pooled:blood,jejunal epithelium,inguinal lymph node,lung,mesenteric lymph node,thoracic lymph node,epithelial lining fluid,jejunum lamina propria	LiveOnNY	10x 5' v2	snRNA-seq, CITE-seq	GSE299043_D512_001.CZINY-0165.v2.h5ad	https://ftp.ncbi.nlm.nih.gov/geo/series/GSE299nnn/GSE299043/suppl/GSE299043_D512_001.CZINY-0165.v2.h5ad	41133092
D512	NY	held	GSM9031347	001	CZINY-0166	v2	pooled:blood,jejunal epithelium,inguinal lymph node,lung,mesenteric lymph node,thoracic lymph node,epithelial lining fluid,jejunum lamina propria	LiveOnNY	10x 5' v2	snRNA-seq, CITE-seq	GSE299043_D512_001.CZINY-0166.v2.h5ad	https://ftp.ncbi.nlm.nih.gov/geo/series/GSE299nnn/GSE299043/suppl/GSE299043_D512_001.CZINY-0166.v2.h5ad	46919209
D512	NY	held	GSM9031348	001	CZINY-0167	v2	pooled:blood,jejunal epithelium,inguinal lymph node,lung,mesenteric lymph node,thoracic lymph node,epithelial lining fluid,jejunum lamina propria	LiveOnNY	10x 5' v2	snRNA-seq, CITE-seq	GSE299043_D512_001.CZINY-0167.v2.h5ad	https://ftp.ncbi.nlm.nih.gov/geo/series/GSE299nnn/GSE299043/suppl/GSE299043_D512_001.CZINY-0167.v2.h5ad	46355321
D512	NY	held	GSM9031349	001	CZINY-0168	v2	pooled:blood,jejunal epithelium,inguinal lymph node,lung,mesenteric lymph node,thoracic lymph node,epithelial lining fluid,jejunum lamina propria	LiveOnNY	10x 5' v2	snRNA-seq, CITE-seq	GSE299043_D512_001.CZINY-0168.v2.h5ad	https://ftp.ncbi.nlm.nih.gov/geo/series/GSE299nnn/GSE299043/suppl/GSE299043_D512_001.CZINY-0168.v2.h5ad	53335503
D512	NY	held	GSM9031350	001	CZINY-0169	v1	pooled:blood,jejunal epithelium,inguinal lymph node,lung,mesenteric lymph node,thoracic lymph node,epithelial lining fluid,jejunum lamina propria	LiveOnNY	10x 5' v2	snRNA-seq, CITE-seq	GSE299043_D512_001.CZINY-0169.v1.h5ad	https://ftp.ncbi.nlm.nih.gov/geo/series/GSE299nnn/GSE299043/suppl/GSE299043_D512_001.CZINY-0169.v1.h5ad	25479208
D512	NY	held	GSM9031351	001	CZINY-0170	v1	pooled:blood,jejunal epithelium,inguinal lymph node,lung,mesenteric lymph node,thoracic lymph node,epithelial lining fluid,jejunum lamina propria	LiveOnNY	10x 5' v2	snRNA-seq, CITE-seq	GSE299043_D512_001.CZINY-0170.v1.h5ad	https://ftp.ncbi.nlm.nih.gov/geo/series/GSE299nnn/GSE299043/suppl/GSE299043_D512_001.CZINY-0170.v1.h5ad	31846164
D512	NY	held	GSM9031352	001	CZINY-0171	v1	pooled:blood,jejunal epithelium,inguinal lymph node,lung,mesenteric lymph node,thoracic lymph node,epithelial lining fluid,jejunum lamina propria	LiveOnNY	10x 5' v2	snRNA-seq, CITE-seq	GSE299043_D512_001.CZINY-0171.v1.h5ad	https://ftp.ncbi.nlm.nih.gov/geo/series/GSE299nnn/GSE299043/suppl/GSE299043_D512_001.CZINY-0171.v1.h5ad	20533313
D512	NY	held	GSM9031353	001	CZINY-0172	v1	pooled:blood,jejunal epithelium,inguinal lymph node,lung,mesenteric lymph node,thoracic lymph node,epithelial lining fluid,jejunum lamina propria	LiveOnNY	10x 5' v2	snRNA-seq, CITE-seq	GSE299043_D512_001.CZINY-0172.v1.h5ad	https://ftp.ncbi.nlm.nih.gov/geo/series/GSE299nnn/GSE299043/suppl/GSE299043_D512_001.CZINY-0172.v1.h5ad	22737107
D512	NY	held	GSM9031354	001	CZINY-0173	v1	pooled:blood,jejunal epithelium,inguinal lymph node,lung,mesenteric lymph node,thoracic lymph node,epithelial lining fluid,jejunum lamina propria	LiveOnNY	10x 5' v2	snRNA-seq, CITE-seq	GSE299043_D512_001.CZINY-0173.v1.h5ad	https://ftp.ncbi.nlm.nih.gov/geo/series/GSE299nnn/GSE299043/suppl/GSE299043_D512_001.CZINY-0173.v1.h5ad	24824761
D512	NY	held	GSM9031355	001	CZINY-0174	v1	pooled:blood,jejunal epithelium,inguinal lymph node,lung,mesenteric lymph node,thoracic lymph node,epithelial lining fluid,jejunum lamina propria	LiveOnNY	10x 5' v2	snRNA-seq, CITE-seq	GSE299043_D512_001.CZINY-0174.v1.h5ad	https://ftp.ncbi.nlm.nih.gov/geo/series/GSE299nnn/GSE299043/suppl/GSE299043_D512_001.CZINY-0174.v1.h5ad	28009196
D512	NY	held	GSM9031356	001	CZINY-0175	v1	pooled:blood,jejunal epithelium,inguinal lymph node,lung,mesenteric lymph node,thoracic lymph node,epithelial lining fluid,jejunum lamina propria	LiveOnNY	10x 5' v2	snRNA-seq, CITE-seq	GSE299043_D512_001.CZINY-0175.v1.h5ad	https://ftp.ncbi.nlm.nih.gov/geo/series/GSE299nnn/GSE299043/suppl/GSE299043_D512_001.CZINY-0175.v1.h5ad	24427077
D512	NY	held	GSM9031357	001	CZINY-0176	v1	pooled:blood,jejunal epithelium,inguinal lymph node,lung,mesenteric lymph node,thoracic lymph node,epithelial lining fluid,jejunum lamina propria	LiveOnNY	10x 5' v2	snRNA-seq, CITE-seq	GSE299043_D512_001.CZINY-0176.v1.h5ad	https://ftp.ncbi.nlm.nih.gov/geo/series/GSE299nnn/GSE299043/suppl/GSE299043_D512_001.CZINY-0176.v1.h5ad	23413949
D520	NY	held	GSM9031374	001	CZINY-0225	v1	pooled:blood,colonic epithelium,jejunal epithelium,lung,bone marrow,mesenteric lymph node,lamina propria of mucosa of colon,thoracic lymph node,epithelial lining fluid,jejunum lamina propria	LiveOnNY	10x 5' v2	snRNA-seq, CITE-seq	GSE299043_D520_001.CZINY-0225.v1.h5ad	https://ftp.ncbi.nlm.nih.gov/geo/series/GSE299nnn/GSE299043/suppl/GSE299043_D520_001.CZINY-0225.v1.h5ad	41555866
D520	NY	held	GSM9031375	001	CZINY-0226	v1	pooled:blood,colonic epithelium,jejunal epithelium,lung,bone marrow,mesenteric lymph node,lamina propria of mucosa of colon,thoracic lymph node,epithelial lining fluid,jejunum lamina propria	LiveOnNY	10x 5' v2	snRNA-seq, CITE-seq	GSE299043_D520_001.CZINY-0226.v1.h5ad	https://ftp.ncbi.nlm.nih.gov/geo/series/GSE299nnn/GSE299043/suppl/GSE299043_D520_001.CZINY-0226.v1.h5ad	43681436
D520	NY	held	GSM9031376	001	CZINY-0227	v1	pooled:blood,colonic epithelium,jejunal epithelium,lung,bone marrow,mesenteric lymph node,lamina propria of mucosa of colon,thoracic lymph node,epithelial lining fluid,jejunum lamina propria	LiveOnNY	10x 5' v2	snRNA-seq, CITE-seq	GSE299043_D520_001.CZINY-0227.v1.h5ad	https://ftp.ncbi.nlm.nih.gov/geo/series/GSE299nnn/GSE299043/suppl/GSE299043_D520_001.CZINY-0227.v1.h5ad	40833228
D520	NY	held	GSM9031377	001	CZINY-0228	v1	pooled:blood,colonic epithelium,jejunal epithelium,lung,bone marrow,mesenteric lymph node,lamina propria of mucosa of colon,thoracic lymph node,epithelial lining fluid,jejunum lamina propria	LiveOnNY	10x 5' v2	snRNA-seq, CITE-seq	GSE299043_D520_001.CZINY-0228.v1.h5ad	https://ftp.ncbi.nlm.nih.gov/geo/series/GSE299nnn/GSE299043/suppl/GSE299043_D520_001.CZINY-0228.v1.h5ad	39543998
D520	NY	held	GSM9031378	001	CZINY-0229	v1	pooled:blood,colonic epithelium,jejunal epithelium,lung,bone marrow,mesenteric lymph node,lamina propria of mucosa of colon,thoracic lymph node,epithelial lining fluid,jejunum lamina propria	LiveOnNY	10x 5' v2	snRNA-seq, CITE-seq	GSE299043_D520_001.CZINY-0229.v1.h5ad	https://ftp.ncbi.nlm.nih.gov/geo/series/GSE299nnn/GSE299043/suppl/GSE299043_D520_001.CZINY-0229.v1.h5ad	30868233
D520	NY	held	GSM9031379	001	CZINY-0230	v1	pooled:blood,colonic epithelium,jejunal epithelium,lung,bone marrow,mesenteric lymph node,lamina propria of mucosa of colon,thoracic lymph node,epithelial lining fluid,jejunum lamina propria	LiveOnNY	10x 5' v2	snRNA-seq, CITE-seq	GSE299043_D520_001.CZINY-0230.v1.h5ad	https://ftp.ncbi.nlm.nih.gov/geo/series/GSE299nnn/GSE299043/suppl/GSE299043_D520_001.CZINY-0230.v1.h5ad	29626889
D520	NY	held	GSM9031380	001	CZINY-0231	v1	pooled:blood,colonic epithelium,jejunal epithelium,lung,bone marrow,mesenteric lymph node,lamina propria of mucosa of colon,thoracic lymph node,epithelial lining fluid,jejunum lamina propria	LiveOnNY	10x 5' v2	snRNA-seq, CITE-seq	GSE299043_D520_001.CZINY-0231.v1.h5ad	https://ftp.ncbi.nlm.nih.gov/geo/series/GSE299nnn/GSE299043/suppl/GSE299043_D520_001.CZINY-0231.v1.h5ad	34959459
D520	NY	held	GSM9031381	001	CZINY-0232	v1	pooled:blood,colonic epithelium,jejunal epithelium,lung,bone marrow,mesenteric lymph node,lamina propria of mucosa of colon,thoracic lymph node,epithelial lining fluid,jejunum lamina propria	LiveOnNY	10x 5' v2	snRNA-seq, CITE-seq	GSE299043_D520_001.CZINY-0232.v1.h5ad	https://ftp.ncbi.nlm.nih.gov/geo/series/GSE299nnn/GSE299043/suppl/GSE299043_D520_001.CZINY-0232.v1.h5ad	38460103
D520	NY	held	GSM9031382	001	CZINY-0233	v2	pooled:blood,colonic epithelium,jejunal epithelium,lung,bone marrow,mesenteric lymph node,lamina propria of mucosa of colon,thoracic lymph node,epithelial lining fluid,jejunum lamina propria	LiveOnNY	10x 5' v2	snRNA-seq, CITE-seq	GSE299043_D520_001.CZINY-0233.v2.h5ad	https://ftp.ncbi.nlm.nih.gov/geo/series/GSE299nnn/GSE299043/suppl/GSE299043_D520_001.CZINY-0233.v2.h5ad	56197519
D520	NY	held	GSM9031383	001	CZINY-0234	v1	pooled:blood,colonic epithelium,jejunal epithelium,lung,bone marrow,mesenteric lymph node,lamina propria of mucosa of colon,thoracic lymph node,epithelial lining fluid,jejunum lamina propria	LiveOnNY	10x 5' v2	snRNA-seq, CITE-seq	GSE299043_D520_001.CZINY-0234.v1.h5ad	https://ftp.ncbi.nlm.nih.gov/geo/series/GSE299nnn/GSE299043/suppl/GSE299043_D520_001.CZINY-0234.v1.h5ad	32874055
D520	NY	held	GSM9031384	001	CZINY-0235	v1	pooled:blood,colonic epithelium,jejunal epithelium,lung,bone marrow,mesenteric lymph node,lamina propria of mucosa of colon,thoracic lymph node,epithelial lining fluid,jejunum lamina propria	LiveOnNY	10x 5' v2	snRNA-seq, CITE-seq	GSE299043_D520_001.CZINY-0235.v1.h5ad	https://ftp.ncbi.nlm.nih.gov/geo/series/GSE299nnn/GSE299043/suppl/GSE299043_D520_001.CZINY-0235.v1.h5ad	28048957
D520	NY	held	GSM9031385	001	CZINY-0236	v1	pooled:blood,colonic epithelium,jejunal epithelium,lung,bone marrow,mesenteric lymph node,lamina propria of mucosa of colon,thoracic lymph node,epithelial lining fluid,jejunum lamina propria	LiveOnNY	10x 5' v2	snRNA-seq, CITE-seq	GSE299043_D520_001.CZINY-0236.v1.h5ad	https://ftp.ncbi.nlm.nih.gov/geo/series/GSE299nnn/GSE299043/suppl/GSE299043_D520_001.CZINY-0236.v1.h5ad	25974883
D520	NY	held	GSM9031386	001	CZINY-0237	v1	pooled:blood,colonic epithelium,jejunal epithelium,lung,bone marrow,mesenteric lymph node,lamina propria of mucosa of colon,thoracic lymph node,epithelial lining fluid,jejunum lamina propria	LiveOnNY	10x 5' v2	snRNA-seq, CITE-seq	GSE299043_D520_001.CZINY-0237.v1.h5ad	https://ftp.ncbi.nlm.nih.gov/geo/series/GSE299nnn/GSE299043/suppl/GSE299043_D520_001.CZINY-0237.v1.h5ad	28578134
D520	NY	held	GSM9031387	001	CZINY-0238	v1	pooled:blood,colonic epithelium,jejunal epithelium,lung,bone marrow,mesenteric lymph node,lamina propria of mucosa of colon,thoracic lymph node,epithelial lining fluid,jejunum lamina propria	LiveOnNY	10x 5' v2	snRNA-seq, CITE-seq	GSE299043_D520_001.CZINY-0238.v1.h5ad	https://ftp.ncbi.nlm.nih.gov/geo/series/GSE299nnn/GSE299043/suppl/GSE299043_D520_001.CZINY-0238.v1.h5ad	28743029
D520	NY	held	GSM9031388	001	CZINY-0239	v1	pooled:blood,colonic epithelium,jejunal epithelium,lung,bone marrow,mesenteric lymph node,lamina propria of mucosa of colon,thoracic lymph node,epithelial lining fluid,jejunum lamina propria	LiveOnNY	10x 5' v2	snRNA-seq, CITE-seq	GSE299043_D520_001.CZINY-0239.v1.h5ad	https://ftp.ncbi.nlm.nih.gov/geo/series/GSE299nnn/GSE299043/suppl/GSE299043_D520_001.CZINY-0239.v1.h5ad	27962470
D520	NY	held	GSM9031389	001	CZINY-0240	v1	pooled:blood,colonic epithelium,jejunal epithelium,lung,bone marrow,mesenteric lymph node,lamina propria of mucosa of colon,thoracic lymph node,epithelial lining fluid,jejunum lamina propria	LiveOnNY	10x 5' v2	snRNA-seq, CITE-seq	GSE299043_D520_001.CZINY-0240.v1.h5ad	https://ftp.ncbi.nlm.nih.gov/geo/series/GSE299nnn/GSE299043/suppl/GSE299043_D520_001.CZINY-0240.v1.h5ad	23820429
D523	NY	held	GSM9031406	001	CZINY-0289	v1	pooled:blood,jejunal epithelium,inguinal lymph node,lung,spleen,bone marrow,mesenteric lymph node,thoracic lymph node,epithelial lining fluid,jejunum lamina propria	LiveOnNY	10x 5' v2	snRNA-seq, CITE-seq	GSE299043_D523_001.CZINY-0289.v1.h5ad	https://ftp.ncbi.nlm.nih.gov/geo/series/GSE299nnn/GSE299043/suppl/GSE299043_D523_001.CZINY-0289.v1.h5ad	19133075
D523	NY	held	GSM9031407	001	CZINY-0290	v1	pooled:blood,jejunal epithelium,inguinal lymph node,lung,spleen,bone marrow,mesenteric lymph node,thoracic lymph node,epithelial lining fluid,jejunum lamina propria	LiveOnNY	10x 5' v2	snRNA-seq, CITE-seq	GSE299043_D523_001.CZINY-0290.v1.h5ad	https://ftp.ncbi.nlm.nih.gov/geo/series/GSE299nnn/GSE299043/suppl/GSE299043_D523_001.CZINY-0290.v1.h5ad	24487545
D523	NY	held	GSM9031408	001	CZINY-0291	v1	pooled:blood,jejunal epithelium,inguinal lymph node,lung,spleen,bone marrow,mesenteric lymph node,thoracic lymph node,epithelial lining fluid,jejunum lamina propria	LiveOnNY	10x 5' v2	snRNA-seq, CITE-seq	GSE299043_D523_001.CZINY-0291.v1.h5ad	https://ftp.ncbi.nlm.nih.gov/geo/series/GSE299nnn/GSE299043/suppl/GSE299043_D523_001.CZINY-0291.v1.h5ad	25775166
D523	NY	held	GSM9031409	001	CZINY-0292	v1	pooled:blood,jejunal epithelium,inguinal lymph node,lung,spleen,bone marrow,mesenteric lymph node,thoracic lymph node,epithelial lining fluid,jejunum lamina propria	LiveOnNY	10x 5' v2	snRNA-seq, CITE-seq	GSE299043_D523_001.CZINY-0292.v1.h5ad	https://ftp.ncbi.nlm.nih.gov/geo/series/GSE299nnn/GSE299043/suppl/GSE299043_D523_001.CZINY-0292.v1.h5ad	24839034
D523	NY	held	GSM9031410	001	CZINY-0293	v1	pooled:blood,jejunal epithelium,inguinal lymph node,lung,spleen,bone marrow,mesenteric lymph node,thoracic lymph node,epithelial lining fluid,jejunum lamina propria	LiveOnNY	10x 5' v2	snRNA-seq, CITE-seq	GSE299043_D523_001.CZINY-0293.v1.h5ad	https://ftp.ncbi.nlm.nih.gov/geo/series/GSE299nnn/GSE299043/suppl/GSE299043_D523_001.CZINY-0293.v1.h5ad	22331571
D523	NY	held	GSM9031411	001	CZINY-0294	v1	pooled:blood,jejunal epithelium,inguinal lymph node,lung,spleen,bone marrow,mesenteric lymph node,thoracic lymph node,epithelial lining fluid,jejunum lamina propria	LiveOnNY	10x 5' v2	snRNA-seq, CITE-seq	GSE299043_D523_001.CZINY-0294.v1.h5ad	https://ftp.ncbi.nlm.nih.gov/geo/series/GSE299nnn/GSE299043/suppl/GSE299043_D523_001.CZINY-0294.v1.h5ad	23962794
D523	NY	held	GSM9031412	001	CZINY-0295	v1	pooled:blood,jejunal epithelium,inguinal lymph node,lung,spleen,bone marrow,mesenteric lymph node,thoracic lymph node,epithelial lining fluid,jejunum lamina propria	LiveOnNY	10x 5' v2	snRNA-seq, CITE-seq	GSE299043_D523_001.CZINY-0295.v1.h5ad	https://ftp.ncbi.nlm.nih.gov/geo/series/GSE299nnn/GSE299043/suppl/GSE299043_D523_001.CZINY-0295.v1.h5ad	24391493
D523	NY	held	GSM9031413	001	CZINY-0296	v1	pooled:blood,jejunal epithelium,inguinal lymph node,lung,spleen,bone marrow,mesenteric lymph node,thoracic lymph node,epithelial lining fluid,jejunum lamina propria	LiveOnNY	10x 5' v2	snRNA-seq, CITE-seq	GSE299043_D523_001.CZINY-0296.v1.h5ad	https://ftp.ncbi.nlm.nih.gov/geo/series/GSE299nnn/GSE299043/suppl/GSE299043_D523_001.CZINY-0296.v1.h5ad	23774098
D523	NY	held	GSM9031414	001	CZINY-0297	v1	pooled:blood,jejunal epithelium,inguinal lymph node,lung,spleen,bone marrow,mesenteric lymph node,thoracic lymph node,epithelial lining fluid,jejunum lamina propria	LiveOnNY	10x 5' v2	snRNA-seq, CITE-seq	GSE299043_D523_001.CZINY-0297.v1.h5ad	https://ftp.ncbi.nlm.nih.gov/geo/series/GSE299nnn/GSE299043/suppl/GSE299043_D523_001.CZINY-0297.v1.h5ad	15491965
D523	NY	held	GSM9031415	001	CZINY-0298	v1	pooled:blood,jejunal epithelium,inguinal lymph node,lung,spleen,bone marrow,mesenteric lymph node,thoracic lymph node,epithelial lining fluid,jejunum lamina propria	LiveOnNY	10x 5' v2	snRNA-seq, CITE-seq	GSE299043_D523_001.CZINY-0298.v1.h5ad	https://ftp.ncbi.nlm.nih.gov/geo/series/GSE299nnn/GSE299043/suppl/GSE299043_D523_001.CZINY-0298.v1.h5ad	15231312
D523	NY	held	GSM9031416	001	CZINY-0299	v1	pooled:blood,jejunal epithelium,inguinal lymph node,lung,spleen,bone marrow,mesenteric lymph node,thoracic lymph node,epithelial lining fluid,jejunum lamina propria	LiveOnNY	10x 5' v2	snRNA-seq, CITE-seq	GSE299043_D523_001.CZINY-0299.v1.h5ad	https://ftp.ncbi.nlm.nih.gov/geo/series/GSE299nnn/GSE299043/suppl/GSE299043_D523_001.CZINY-0299.v1.h5ad	17219463
D523	NY	held	GSM9031417	001	CZINY-0300	v1	pooled:blood,jejunal epithelium,inguinal lymph node,lung,spleen,bone marrow,mesenteric lymph node,thoracic lymph node,epithelial lining fluid,jejunum lamina propria	LiveOnNY	10x 5' v2	snRNA-seq, CITE-seq	GSE299043_D523_001.CZINY-0300.v1.h5ad	https://ftp.ncbi.nlm.nih.gov/geo/series/GSE299nnn/GSE299043/suppl/GSE299043_D523_001.CZINY-0300.v1.h5ad	18280936
D523	NY	held	GSM9031418	001	CZINY-0301	v1	pooled:blood,jejunal epithelium,inguinal lymph node,lung,spleen,bone marrow,mesenteric lymph node,thoracic lymph node,epithelial lining fluid,jejunum lamina propria	LiveOnNY	10x 5' v2	snRNA-seq, CITE-seq	GSE299043_D523_001.CZINY-0301.v1.h5ad	https://ftp.ncbi.nlm.nih.gov/geo/series/GSE299nnn/GSE299043/suppl/GSE299043_D523_001.CZINY-0301.v1.h5ad	16833938
D523	NY	held	GSM9031419	001	CZINY-0302	v1	pooled:blood,jejunal epithelium,inguinal lymph node,lung,spleen,bone marrow,mesenteric lymph node,thoracic lymph node,epithelial lining fluid,jejunum lamina propria	LiveOnNY	10x 5' v2	snRNA-seq, CITE-seq	GSE299043_D523_001.CZINY-0302.v1.h5ad	https://ftp.ncbi.nlm.nih.gov/geo/series/GSE299nnn/GSE299043/suppl/GSE299043_D523_001.CZINY-0302.v1.h5ad	18335219
D523	NY	held	GSM9031420	001	CZINY-0303	v1	pooled:blood,jejunal epithelium,inguinal lymph node,lung,spleen,bone marrow,mesenteric lymph node,thoracic lymph node,epithelial lining fluid,jejunum lamina propria	LiveOnNY	10x 5' v2	snRNA-seq, CITE-seq	GSE299043_D523_001.CZINY-0303.v1.h5ad	https://ftp.ncbi.nlm.nih.gov/geo/series/GSE299nnn/GSE299043/suppl/GSE299043_D523_001.CZINY-0303.v1.h5ad	17602315
D523	NY	held	GSM9031421	001	CZINY-0304	v1	pooled:blood,jejunal epithelium,inguinal lymph node,lung,spleen,bone marrow,mesenteric lymph node,thoracic lymph node,epithelial lining fluid,jejunum lamina propria	LiveOnNY	10x 5' v2	snRNA-seq, CITE-seq	GSE299043_D523_001.CZINY-0304.v1.h5ad	https://ftp.ncbi.nlm.nih.gov/geo/series/GSE299nnn/GSE299043/suppl/GSE299043_D523_001.CZINY-0304.v1.h5ad	16120368
D528	NY	held	GSM9031438	001	CZINY-0337	v1	pooled:blood,jejunal epithelium,inguinal lymph node,lung,spleen,mesenteric lymph node,thoracic lymph node,epithelial lining fluid,jejunum lamina propria	LiveOnNY	10x 5' v2	snRNA-seq, CITE-seq	GSE299043_D528_001.CZINY-0337.v1.h5ad	https://ftp.ncbi.nlm.nih.gov/geo/series/GSE299nnn/GSE299043/suppl/GSE299043_D528_001.CZINY-0337.v1.h5ad	34515338
D528	NY	held	GSM9031439	001	CZINY-0338	v1	pooled:blood,jejunal epithelium,inguinal lymph node,lung,spleen,mesenteric lymph node,thoracic lymph node,epithelial lining fluid,jejunum lamina propria	LiveOnNY	10x 5' v2	snRNA-seq, CITE-seq	GSE299043_D528_001.CZINY-0338.v1.h5ad	https://ftp.ncbi.nlm.nih.gov/geo/series/GSE299nnn/GSE299043/suppl/GSE299043_D528_001.CZINY-0338.v1.h5ad	34721199
D528	NY	held	GSM9031440	001	CZINY-0339	v1	pooled:blood,jejunal epithelium,inguinal lymph node,lung,spleen,mesenteric lymph node,thoracic lymph node,epithelial lining fluid,jejunum lamina propria	LiveOnNY	10x 5' v2	snRNA-seq, CITE-seq	GSE299043_D528_001.CZINY-0339.v1.h5ad	https://ftp.ncbi.nlm.nih.gov/geo/series/GSE299nnn/GSE299043/suppl/GSE299043_D528_001.CZINY-0339.v1.h5ad	35536020
D528	NY	held	GSM9031441	001	CZINY-0340	v1	pooled:blood,jejunal epithelium,inguinal lymph node,lung,spleen,mesenteric lymph node,thoracic lymph node,epithelial lining fluid,jejunum lamina propria	LiveOnNY	10x 5' v2	snRNA-seq, CITE-seq	GSE299043_D528_001.CZINY-0340.v1.h5ad	https://ftp.ncbi.nlm.nih.gov/geo/series/GSE299nnn/GSE299043/suppl/GSE299043_D528_001.CZINY-0340.v1.h5ad	34415025
D528	NY	held	GSM9031442	001	CZINY-0341	v1	pooled:blood,jejunal epithelium,inguinal lymph node,lung,spleen,mesenteric lymph node,thoracic lymph node,epithelial lining fluid,jejunum lamina propria	LiveOnNY	10x 5' v2	snRNA-seq, CITE-seq	GSE299043_D528_001.CZINY-0341.v1.h5ad	https://ftp.ncbi.nlm.nih.gov/geo/series/GSE299nnn/GSE299043/suppl/GSE299043_D528_001.CZINY-0341.v1.h5ad	32141677
D528	NY	held	GSM9031443	001	CZINY-0342	v1	pooled:blood,jejunal epithelium,inguinal lymph node,lung,spleen,mesenteric lymph node,thoracic lymph node,epithelial lining fluid,jejunum lamina propria	LiveOnNY	10x 5' v2	snRNA-seq, CITE-seq	GSE299043_D528_001.CZINY-0342.v1.h5ad	https://ftp.ncbi.nlm.nih.gov/geo/series/GSE299nnn/GSE299043/suppl/GSE299043_D528_001.CZINY-0342.v1.h5ad	49737004
D528	NY	held	GSM9031444	001	CZINY-0343	v1	pooled:blood,jejunal epithelium,inguinal lymph node,lung,spleen,mesenteric lymph node,thoracic lymph node,epithelial lining fluid,jejunum lamina propria	LiveOnNY	10x 5' v2	snRNA-seq, CITE-seq	GSE299043_D528_001.CZINY-0343.v1.h5ad	https://ftp.ncbi.nlm.nih.gov/geo/series/GSE299nnn/GSE299043/suppl/GSE299043_D528_001.CZINY-0343.v1.h5ad	32965835
D528	NY	held	GSM9031445	001	CZINY-0344	v1	pooled:blood,jejunal epithelium,inguinal lymph node,lung,spleen,mesenteric lymph node,thoracic lymph node,epithelial lining fluid,jejunum lamina propria	LiveOnNY	10x 5' v2	snRNA-seq, CITE-seq	GSE299043_D528_001.CZINY-0344.v1.h5ad	https://ftp.ncbi.nlm.nih.gov/geo/series/GSE299nnn/GSE299043/suppl/GSE299043_D528_001.CZINY-0344.v1.h5ad	34162843
D528	NY	held	GSM9031446	001	CZINY-0345	v1	pooled:blood,jejunal epithelium,inguinal lymph node,lung,spleen,mesenteric lymph node,thoracic lymph node,epithelial lining fluid,jejunum lamina propria	LiveOnNY	10x 5' v2	snRNA-seq, CITE-seq	GSE299043_D528_001.CZINY-0345.v1.h5ad	https://ftp.ncbi.nlm.nih.gov/geo/series/GSE299nnn/GSE299043/suppl/GSE299043_D528_001.CZINY-0345.v1.h5ad	29807573
D528	NY	held	GSM9031447	001	CZINY-0346	v1	pooled:blood,jejunal epithelium,inguinal lymph node,lung,spleen,mesenteric lymph node,thoracic lymph node,epithelial lining fluid,jejunum lamina propria	LiveOnNY	10x 5' v2	snRNA-seq, CITE-seq	GSE299043_D528_001.CZINY-0346.v1.h5ad	https://ftp.ncbi.nlm.nih.gov/geo/series/GSE299nnn/GSE299043/suppl/GSE299043_D528_001.CZINY-0346.v1.h5ad	20963586
D528	NY	held	GSM9031448	001	CZINY-0347	v1	pooled:blood,jejunal epithelium,inguinal lymph node,lung,spleen,mesenteric lymph node,thoracic lymph node,epithelial lining fluid,jejunum lamina propria	LiveOnNY	10x 5' v2	snRNA-seq, CITE-seq	GSE299043_D528_001.CZINY-0347.v1.h5ad	https://ftp.ncbi.nlm.nih.gov/geo/series/GSE299nnn/GSE299043/suppl/GSE299043_D528_001.CZINY-0347.v1.h5ad	24866359
D528	NY	held	GSM9031449	001	CZINY-0348	v1	pooled:blood,jejunal epithelium,inguinal lymph node,lung,spleen,mesenteric lymph node,thoracic lymph node,epithelial lining fluid,jejunum lamina propria	LiveOnNY	10x 5' v2	snRNA-seq, CITE-seq	GSE299043_D528_001.CZINY-0348.v1.h5ad	https://ftp.ncbi.nlm.nih.gov/geo/series/GSE299nnn/GSE299043/suppl/GSE299043_D528_001.CZINY-0348.v1.h5ad	25966008
D528	NY	held	GSM9031450	001	CZINY-0349	v1	pooled:blood,jejunal epithelium,inguinal lymph node,lung,spleen,mesenteric lymph node,thoracic lymph node,epithelial lining fluid,jejunum lamina propria	LiveOnNY	10x 5' v2	snRNA-seq, CITE-seq	GSE299043_D528_001.CZINY-0349.v1.h5ad	https://ftp.ncbi.nlm.nih.gov/geo/series/GSE299nnn/GSE299043/suppl/GSE299043_D528_001.CZINY-0349.v1.h5ad	26010998
D528	NY	held	GSM9031451	001	CZINY-0350	v1	pooled:blood,jejunal epithelium,inguinal lymph node,lung,spleen,mesenteric lymph node,thoracic lymph node,epithelial lining fluid,jejunum lamina propria	LiveOnNY	10x 5' v2	snRNA-seq, CITE-seq	GSE299043_D528_001.CZINY-0350.v1.h5ad	https://ftp.ncbi.nlm.nih.gov/geo/series/GSE299nnn/GSE299043/suppl/GSE299043_D528_001.CZINY-0350.v1.h5ad	27157791
D528	NY	held	GSM9031452	001	CZINY-0351	v1	pooled:blood,jejunal epithelium,inguinal lymph node,lung,spleen,mesenteric lymph node,thoracic lymph node,epithelial lining fluid,jejunum lamina propria	LiveOnNY	10x 5' v2	snRNA-seq, CITE-seq	GSE299043_D528_001.CZINY-0351.v1.h5ad	https://ftp.ncbi.nlm.nih.gov/geo/series/GSE299nnn/GSE299043/suppl/GSE299043_D528_001.CZINY-0351.v1.h5ad	28176653
D528	NY	held	GSM9031453	001	CZINY-0352	v1	pooled:blood,jejunal epithelium,inguinal lymph node,lung,spleen,mesenteric lymph node,thoracic lymph node,epithelial lining fluid,jejunum lamina propria	LiveOnNY	10x 5' v2	snRNA-seq, CITE-seq	GSE299043_D528_001.CZINY-0352.v1.h5ad	https://ftp.ncbi.nlm.nih.gov/geo/series/GSE299nnn/GSE299043/suppl/GSE299043_D528_001.CZINY-0352.v1.h5ad	27408156
D529	NY	held	GSM9031470	001	CZINY-0401	v2	pooled:blood,jejunal epithelium,inguinal lymph node,lung,spleen,bone marrow,mesenteric lymph node,thoracic lymph node,epithelial lining fluid,jejunum lamina propria	LiveOnNY	10x 5' v2	snRNA-seq, CITE-seq	GSE299043_D529_001.CZINY-0401.v2.h5ad	https://ftp.ncbi.nlm.nih.gov/geo/series/GSE299nnn/GSE299043/suppl/GSE299043_D529_001.CZINY-0401.v2.h5ad	35639559
D529	NY	held	GSM9031471	001	CZINY-0402	v2	pooled:blood,jejunal epithelium,inguinal lymph node,lung,spleen,bone marrow,mesenteric lymph node,thoracic lymph node,epithelial lining fluid,jejunum lamina propria	LiveOnNY	10x 5' v2	snRNA-seq, CITE-seq	GSE299043_D529_001.CZINY-0402.v2.h5ad	https://ftp.ncbi.nlm.nih.gov/geo/series/GSE299nnn/GSE299043/suppl/GSE299043_D529_001.CZINY-0402.v2.h5ad	35161147
D529	NY	held	GSM9031472	001	CZINY-0403	v2	pooled:blood,jejunal epithelium,inguinal lymph node,lung,spleen,bone marrow,mesenteric lymph node,thoracic lymph node,epithelial lining fluid,jejunum lamina propria	LiveOnNY	10x 5' v2	snRNA-seq, CITE-seq	GSE299043_D529_001.CZINY-0403.v2.h5ad	https://ftp.ncbi.nlm.nih.gov/geo/series/GSE299nnn/GSE299043/suppl/GSE299043_D529_001.CZINY-0403.v2.h5ad	38187681
D529	NY	held	GSM9031473	001	CZINY-0404	v2	pooled:blood,jejunal epithelium,inguinal lymph node,lung,spleen,bone marrow,mesenteric lymph node,thoracic lymph node,epithelial lining fluid,jejunum lamina propria	LiveOnNY	10x 5' v2	snRNA-seq, CITE-seq	GSE299043_D529_001.CZINY-0404.v2.h5ad	https://ftp.ncbi.nlm.nih.gov/geo/series/GSE299nnn/GSE299043/suppl/GSE299043_D529_001.CZINY-0404.v2.h5ad	33919842
D529	NY	held	GSM9031474	001	CZINY-0405	v2	pooled:blood,jejunal epithelium,inguinal lymph node,lung,spleen,bone marrow,mesenteric lymph node,thoracic lymph node,epithelial lining fluid,jejunum lamina propria	LiveOnNY	10x 5' v2	snRNA-seq, CITE-seq	GSE299043_D529_001.CZINY-0405.v2.h5ad	https://ftp.ncbi.nlm.nih.gov/geo/series/GSE299nnn/GSE299043/suppl/GSE299043_D529_001.CZINY-0405.v2.h5ad	35749624
D529	NY	held	GSM9031475	001	CZINY-0406	v2	pooled:blood,jejunal epithelium,inguinal lymph node,lung,spleen,bone marrow,mesenteric lymph node,thoracic lymph node,epithelial lining fluid,jejunum lamina propria	LiveOnNY	10x 5' v2	snRNA-seq, CITE-seq	GSE299043_D529_001.CZINY-0406.v2.h5ad	https://ftp.ncbi.nlm.nih.gov/geo/series/GSE299nnn/GSE299043/suppl/GSE299043_D529_001.CZINY-0406.v2.h5ad	36597886
D529	NY	held	GSM9031476	001	CZINY-0407	v2	pooled:blood,jejunal epithelium,inguinal lymph node,lung,spleen,bone marrow,mesenteric lymph node,thoracic lymph node,epithelial lining fluid,jejunum lamina propria	LiveOnNY	10x 5' v2	snRNA-seq, CITE-seq	GSE299043_D529_001.CZINY-0407.v2.h5ad	https://ftp.ncbi.nlm.nih.gov/geo/series/GSE299nnn/GSE299043/suppl/GSE299043_D529_001.CZINY-0407.v2.h5ad	37061190
D529	NY	held	GSM9031477	001	CZINY-0408	v2	pooled:blood,jejunal epithelium,inguinal lymph node,lung,spleen,bone marrow,mesenteric lymph node,thoracic lymph node,epithelial lining fluid,jejunum lamina propria	LiveOnNY	10x 5' v2	snRNA-seq, CITE-seq	GSE299043_D529_001.CZINY-0408.v2.h5ad	https://ftp.ncbi.nlm.nih.gov/geo/series/GSE299nnn/GSE299043/suppl/GSE299043_D529_001.CZINY-0408.v2.h5ad	34662182
D529	NY	held	GSM9031478	001	CZINY-0409	v2	pooled:blood,jejunal epithelium,inguinal lymph node,lung,spleen,bone marrow,mesenteric lymph node,thoracic lymph node,epithelial lining fluid,jejunum lamina propria	LiveOnNY	10x 5' v2	snRNA-seq, CITE-seq	GSE299043_D529_001.CZINY-0409.v2.h5ad	https://ftp.ncbi.nlm.nih.gov/geo/series/GSE299nnn/GSE299043/suppl/GSE299043_D529_001.CZINY-0409.v2.h5ad	29929138
D529	NY	held	GSM9031479	001	CZINY-0410	v2	pooled:blood,jejunal epithelium,inguinal lymph node,lung,spleen,bone marrow,mesenteric lymph node,thoracic lymph node,epithelial lining fluid,jejunum lamina propria	LiveOnNY	10x 5' v2	snRNA-seq, CITE-seq	GSE299043_D529_001.CZINY-0410.v2.h5ad	https://ftp.ncbi.nlm.nih.gov/geo/series/GSE299nnn/GSE299043/suppl/GSE299043_D529_001.CZINY-0410.v2.h5ad	30162747
D529	NY	held	GSM9031480	001	CZINY-0411	v2	pooled:blood,jejunal epithelium,inguinal lymph node,lung,spleen,bone marrow,mesenteric lymph node,thoracic lymph node,epithelial lining fluid,jejunum lamina propria	LiveOnNY	10x 5' v2	snRNA-seq, CITE-seq	GSE299043_D529_001.CZINY-0411.v2.h5ad	https://ftp.ncbi.nlm.nih.gov/geo/series/GSE299nnn/GSE299043/suppl/GSE299043_D529_001.CZINY-0411.v2.h5ad	29438570
D529	NY	held	GSM9031481	001	CZINY-0412	v2	pooled:blood,jejunal epithelium,inguinal lymph node,lung,spleen,bone marrow,mesenteric lymph node,thoracic lymph node,epithelial lining fluid,jejunum lamina propria	LiveOnNY	10x 5' v2	snRNA-seq, CITE-seq	GSE299043_D529_001.CZINY-0412.v2.h5ad	https://ftp.ncbi.nlm.nih.gov/geo/series/GSE299nnn/GSE299043/suppl/GSE299043_D529_001.CZINY-0412.v2.h5ad	29836452
D529	NY	held	GSM9031482	001	CZINY-0413	v2	pooled:blood,jejunal epithelium,inguinal lymph node,lung,spleen,bone marrow,mesenteric lymph node,thoracic lymph node,epithelial lining fluid,jejunum lamina propria	LiveOnNY	10x 5' v2	snRNA-seq, CITE-seq	GSE299043_D529_001.CZINY-0413.v2.h5ad	https://ftp.ncbi.nlm.nih.gov/geo/series/GSE299nnn/GSE299043/suppl/GSE299043_D529_001.CZINY-0413.v2.h5ad	30077752
D529	NY	held	GSM9031483	001	CZINY-0414	v2	pooled:blood,jejunal epithelium,inguinal lymph node,lung,spleen,bone marrow,mesenteric lymph node,thoracic lymph node,epithelial lining fluid,jejunum lamina propria	LiveOnNY	10x 5' v2	snRNA-seq, CITE-seq	GSE299043_D529_001.CZINY-0414.v2.h5ad	https://ftp.ncbi.nlm.nih.gov/geo/series/GSE299nnn/GSE299043/suppl/GSE299043_D529_001.CZINY-0414.v2.h5ad	28738892
D529	NY	held	GSM9031484	001	CZINY-0415	v2	pooled:blood,jejunal epithelium,inguinal lymph node,lung,spleen,bone marrow,mesenteric lymph node,thoracic lymph node,epithelial lining fluid,jejunum lamina propria	LiveOnNY	10x 5' v2	snRNA-seq, CITE-seq	GSE299043_D529_001.CZINY-0415.v2.h5ad	https://ftp.ncbi.nlm.nih.gov/geo/series/GSE299nnn/GSE299043/suppl/GSE299043_D529_001.CZINY-0415.v2.h5ad	28085265
D529	NY	held	GSM9031485	001	CZINY-0416	v2	pooled:blood,jejunal epithelium,inguinal lymph node,lung,spleen,bone marrow,mesenteric lymph node,thoracic lymph node,epithelial lining fluid,jejunum lamina propria	LiveOnNY	10x 5' v2	snRNA-seq, CITE-seq	GSE299043_D529_001.CZINY-0416.v2.h5ad	https://ftp.ncbi.nlm.nih.gov/geo/series/GSE299nnn/GSE299043/suppl/GSE299043_D529_001.CZINY-0416.v2.h5ad	27367293
D533	NY	held	GSM9031494	001	CZINY-0481	v2	pooled:blood,jejunal epithelium,inguinal lymph node,lung,spleen,bone marrow,mesenteric lymph node,thoracic lymph node,jejunum lamina propria	LiveOnNY	10x 5' v2	snRNA-seq, CITE-seq	GSE299043_D533_001.CZINY-0481.v2.h5ad	https://ftp.ncbi.nlm.nih.gov/geo/series/GSE299nnn/GSE299043/suppl/GSE299043_D533_001.CZINY-0481.v2.h5ad	25177543
D533	NY	held	GSM9031495	001	CZINY-0482	v2	pooled:blood,jejunal epithelium,inguinal lymph node,lung,spleen,bone marrow,mesenteric lymph node,thoracic lymph node,jejunum lamina propria	LiveOnNY	10x 5' v2	snRNA-seq, CITE-seq	GSE299043_D533_001.CZINY-0482.v2.h5ad	https://ftp.ncbi.nlm.nih.gov/geo/series/GSE299nnn/GSE299043/suppl/GSE299043_D533_001.CZINY-0482.v2.h5ad	25086617
D533	NY	held	GSM9031496	001	CZINY-0483	v2	pooled:blood,jejunal epithelium,inguinal lymph node,lung,spleen,bone marrow,mesenteric lymph node,thoracic lymph node,jejunum lamina propria	LiveOnNY	10x 5' v2	snRNA-seq, CITE-seq	GSE299043_D533_001.CZINY-0483.v2.h5ad	https://ftp.ncbi.nlm.nih.gov/geo/series/GSE299nnn/GSE299043/suppl/GSE299043_D533_001.CZINY-0483.v2.h5ad	26310456
D533	NY	held	GSM9031497	001	CZINY-0484	v2	pooled:blood,jejunal epithelium,inguinal lymph node,lung,spleen,bone marrow,mesenteric lymph node,thoracic lymph node,jejunum lamina propria	LiveOnNY	10x 5' v2	snRNA-seq, CITE-seq	GSE299043_D533_001.CZINY-0484.v2.h5ad	https://ftp.ncbi.nlm.nih.gov/geo/series/GSE299nnn/GSE299043/suppl/GSE299043_D533_001.CZINY-0484.v2.h5ad	24441043
D533	NY	held	GSM9031498	001	CZINY-0485	v2	pooled:blood,jejunal epithelium,inguinal lymph node,lung,spleen,bone marrow,mesenteric lymph node,thoracic lymph node,jejunum lamina propria	LiveOnNY	10x 5' v2	snRNA-seq, CITE-seq	GSE299043_D533_001.CZINY-0485.v2.h5ad	https://ftp.ncbi.nlm.nih.gov/geo/series/GSE299nnn/GSE299043/suppl/GSE299043_D533_001.CZINY-0485.v2.h5ad	27159860
D533	NY	held	GSM9031499	001	CZINY-0486	v2	pooled:blood,jejunal epithelium,inguinal lymph node,lung,spleen,bone marrow,mesenteric lymph node,thoracic lymph node,jejunum lamina propria	LiveOnNY	10x 5' v2	snRNA-seq, CITE-seq	GSE299043_D533_001.CZINY-0486.v2.h5ad	https://ftp.ncbi.nlm.nih.gov/geo/series/GSE299nnn/GSE299043/suppl/GSE299043_D533_001.CZINY-0486.v2.h5ad	24093638
D533	NY	held	GSM9031500	001	CZINY-0487	v2	pooled:blood,jejunal epithelium,inguinal lymph node,lung,spleen,bone marrow,mesenteric lymph node,thoracic lymph node,jejunum lamina propria	LiveOnNY	10x 5' v2	snRNA-seq, CITE-seq	GSE299043_D533_001.CZINY-0487.v2.h5ad	https://ftp.ncbi.nlm.nih.gov/geo/series/GSE299nnn/GSE299043/suppl/GSE299043_D533_001.CZINY-0487.v2.h5ad	28326680
D533	NY	held	GSM9031501	001	CZINY-0488	v2	pooled:blood,jejunal epithelium,inguinal lymph node,lung,spleen,bone marrow,mesenteric lymph node,thoracic lymph node,jejunum lamina propria	LiveOnNY	10x 5' v2	snRNA-seq, CITE-seq	GSE299043_D533_001.CZINY-0488.v2.h5ad	https://ftp.ncbi.nlm.nih.gov/geo/series/GSE299nnn/GSE299043/suppl/GSE299043_D533_001.CZINY-0488.v2.h5ad	28438497
D534	NY	held	GSM9031518	001	CZINY-0521	v2	pooled:blood,jejunal epithelium,inguinal lymph node,lung,spleen,bone marrow,mesenteric lymph node,thoracic lymph node,epithelial lining fluid,jejunum lamina propria	LiveOnNY	10x 5' v2	snRNA-seq, CITE-seq	GSE299043_D534_001.CZINY-0521.v2.h5ad	https://ftp.ncbi.nlm.nih.gov/geo/series/GSE299nnn/GSE299043/suppl/GSE299043_D534_001.CZINY-0521.v2.h5ad	34344953
D534	NY	held	GSM9031519	001	CZINY-0522	v2	pooled:blood,jejunal epithelium,inguinal lymph node,lung,spleen,bone marrow,mesenteric lymph node,thoracic lymph node,epithelial lining fluid,jejunum lamina propria	LiveOnNY	10x 5' v2	snRNA-seq, CITE-seq	GSE299043_D534_001.CZINY-0522.v2.h5ad	https://ftp.ncbi.nlm.nih.gov/geo/series/GSE299nnn/GSE299043/suppl/GSE299043_D534_001.CZINY-0522.v2.h5ad	34700891
D534	NY	held	GSM9031520	001	CZINY-0523	v2	pooled:blood,jejunal epithelium,inguinal lymph node,lung,spleen,bone marrow,mesenteric lymph node,thoracic lymph node,epithelial lining fluid,jejunum lamina propria	LiveOnNY	10x 5' v2	snRNA-seq, CITE-seq	GSE299043_D534_001.CZINY-0523.v2.h5ad	https://ftp.ncbi.nlm.nih.gov/geo/series/GSE299nnn/GSE299043/suppl/GSE299043_D534_001.CZINY-0523.v2.h5ad	36824564
D534	NY	held	GSM9031521	001	CZINY-0524	v2	pooled:blood,jejunal epithelium,inguinal lymph node,lung,spleen,bone marrow,mesenteric lymph node,thoracic lymph node,epithelial lining fluid,jejunum lamina propria	LiveOnNY	10x 5' v2	snRNA-seq, CITE-seq	GSE299043_D534_001.CZINY-0524.v2.h5ad	https://ftp.ncbi.nlm.nih.gov/geo/series/GSE299nnn/GSE299043/suppl/GSE299043_D534_001.CZINY-0524.v2.h5ad	39822351
D534	NY	held	GSM9031522	001	CZINY-0525	v2	pooled:blood,jejunal epithelium,inguinal lymph node,lung,spleen,bone marrow,mesenteric lymph node,thoracic lymph node,epithelial lining fluid,jejunum lamina propria	LiveOnNY	10x 5' v2	snRNA-seq, CITE-seq	GSE299043_D534_001.CZINY-0525.v2.h5ad	https://ftp.ncbi.nlm.nih.gov/geo/series/GSE299nnn/GSE299043/suppl/GSE299043_D534_001.CZINY-0525.v2.h5ad	40587445
D534	NY	held	GSM9031523	001	CZINY-0526	v2	pooled:blood,jejunal epithelium,inguinal lymph node,lung,spleen,bone marrow,mesenteric lymph node,thoracic lymph node,epithelial lining fluid,jejunum lamina propria	LiveOnNY	10x 5' v2	snRNA-seq, CITE-seq	GSE299043_D534_001.CZINY-0526.v2.h5ad	https://ftp.ncbi.nlm.nih.gov/geo/series/GSE299nnn/GSE299043/suppl/GSE299043_D534_001.CZINY-0526.v2.h5ad	35779540
D534	NY	held	GSM9031524	001	CZINY-0527	v2	pooled:blood,jejunal epithelium,inguinal lymph node,lung,spleen,bone marrow,mesenteric lymph node,thoracic lymph node,epithelial lining fluid,jejunum lamina propria	LiveOnNY	10x 5' v2	snRNA-seq, CITE-seq	GSE299043_D534_001.CZINY-0527.v2.h5ad	https://ftp.ncbi.nlm.nih.gov/geo/series/GSE299nnn/GSE299043/suppl/GSE299043_D534_001.CZINY-0527.v2.h5ad	32202093
D534	NY	held	GSM9031525	001	CZINY-0528	v2	pooled:blood,jejunal epithelium,inguinal lymph node,lung,spleen,bone marrow,mesenteric lymph node,thoracic lymph node,epithelial lining fluid,jejunum lamina propria	LiveOnNY	10x 5' v2	snRNA-seq, CITE-seq	GSE299043_D534_001.CZINY-0528.v2.h5ad	https://ftp.ncbi.nlm.nih.gov/geo/series/GSE299nnn/GSE299043/suppl/GSE299043_D534_001.CZINY-0528.v2.h5ad	32641104
D534	NY	held	GSM9031526	001	CZINY-0529	v2	pooled:blood,jejunal epithelium,inguinal lymph node,lung,spleen,bone marrow,mesenteric lymph node,thoracic lymph node,epithelial lining fluid,jejunum lamina propria	LiveOnNY	10x 5' v2	snRNA-seq, CITE-seq	GSE299043_D534_001.CZINY-0529.v2.h5ad	https://ftp.ncbi.nlm.nih.gov/geo/series/GSE299nnn/GSE299043/suppl/GSE299043_D534_001.CZINY-0529.v2.h5ad	39422158
D534	NY	held	GSM9031527	001	CZINY-0530	v2	pooled:blood,jejunal epithelium,inguinal lymph node,lung,spleen,bone marrow,mesenteric lymph node,thoracic lymph node,epithelial lining fluid,jejunum lamina propria	LiveOnNY	10x 5' v2	snRNA-seq, CITE-seq	GSE299043_D534_001.CZINY-0530.v2.h5ad	https://ftp.ncbi.nlm.nih.gov/geo/series/GSE299nnn/GSE299043/suppl/GSE299043_D534_001.CZINY-0530.v2.h5ad	41131151
D534	NY	held	GSM9031528	001	CZINY-0531	v2	pooled:blood,jejunal epithelium,inguinal lymph node,lung,spleen,bone marrow,mesenteric lymph node,thoracic lymph node,epithelial lining fluid,jejunum lamina propria	LiveOnNY	10x 5' v2	snRNA-seq, CITE-seq	GSE299043_D534_001.CZINY-0531.v2.h5ad	https://ftp.ncbi.nlm.nih.gov/geo/series/GSE299nnn/GSE299043/suppl/GSE299043_D534_001.CZINY-0531.v2.h5ad	40682911
D534	NY	held	GSM9031529	001	CZINY-0532	v2	pooled:blood,jejunal epithelium,inguinal lymph node,lung,spleen,bone marrow,mesenteric lymph node,thoracic lymph node,epithelial lining fluid,jejunum lamina propria	LiveOnNY	10x 5' v2	snRNA-seq, CITE-seq	GSE299043_D534_001.CZINY-0532.v2.h5ad	https://ftp.ncbi.nlm.nih.gov/geo/series/GSE299nnn/GSE299043/suppl/GSE299043_D534_001.CZINY-0532.v2.h5ad	35833680
D534	NY	held	GSM9031530	001	CZINY-0533	v2	pooled:blood,jejunal epithelium,inguinal lymph node,lung,spleen,bone marrow,mesenteric lymph node,thoracic lymph node,epithelial lining fluid,jejunum lamina propria	LiveOnNY	10x 5' v2	snRNA-seq, CITE-seq	GSE299043_D534_001.CZINY-0533.v2.h5ad	https://ftp.ncbi.nlm.nih.gov/geo/series/GSE299nnn/GSE299043/suppl/GSE299043_D534_001.CZINY-0533.v2.h5ad	33462614
D534	NY	held	GSM9031531	001	CZINY-0534	v2	pooled:blood,jejunal epithelium,inguinal lymph node,lung,spleen,bone marrow,mesenteric lymph node,thoracic lymph node,epithelial lining fluid,jejunum lamina propria	LiveOnNY	10x 5' v2	snRNA-seq, CITE-seq	GSE299043_D534_001.CZINY-0534.v2.h5ad	https://ftp.ncbi.nlm.nih.gov/geo/series/GSE299nnn/GSE299043/suppl/GSE299043_D534_001.CZINY-0534.v2.h5ad	37432175
D534	NY	held	GSM9031532	001	CZINY-0535	v2	pooled:blood,jejunal epithelium,inguinal lymph node,lung,spleen,bone marrow,mesenteric lymph node,thoracic lymph node,epithelial lining fluid,jejunum lamina propria	LiveOnNY	10x 5' v2	snRNA-seq, CITE-seq	GSE299043_D534_001.CZINY-0535.v2.h5ad	https://ftp.ncbi.nlm.nih.gov/geo/series/GSE299nnn/GSE299043/suppl/GSE299043_D534_001.CZINY-0535.v2.h5ad	33918728
D534	NY	held	GSM9031533	001	CZINY-0536	v2	pooled:blood,jejunal epithelium,inguinal lymph node,lung,spleen,bone marrow,mesenteric lymph node,thoracic lymph node,epithelial lining fluid,jejunum lamina propria	LiveOnNY	10x 5' v2	snRNA-seq, CITE-seq	GSE299043_D534_001.CZINY-0536.v2.h5ad	https://ftp.ncbi.nlm.nih.gov/geo/series/GSE299nnn/GSE299043/suppl/GSE299043_D534_001.CZINY-0536.v2.h5ad	38118606
D543	NY	held	GSM9031550	001	CZINY-0585	v2	pooled:blood,jejunal epithelium,inguinal lymph node,lung,spleen,mesenteric lymph node,thoracic lymph node,epithelial lining fluid,jejunum lamina propria	LiveOnNY	10x 5' v2	snRNA-seq, CITE-seq	GSE299043_D543_001.CZINY-0585.v2.h5ad	https://ftp.ncbi.nlm.nih.gov/geo/series/GSE299nnn/GSE299043/suppl/GSE299043_D543_001.CZINY-0585.v2.h5ad	36002530
D543	NY	held	GSM9031551	001	CZINY-0586	v2	pooled:blood,jejunal epithelium,inguinal lymph node,lung,spleen,mesenteric lymph node,thoracic lymph node,epithelial lining fluid,jejunum lamina propria	LiveOnNY	10x 5' v2	snRNA-seq, CITE-seq	GSE299043_D543_001.CZINY-0586.v2.h5ad	https://ftp.ncbi.nlm.nih.gov/geo/series/GSE299nnn/GSE299043/suppl/GSE299043_D543_001.CZINY-0586.v2.h5ad	38312888
D543	NY	held	GSM9031552	001	CZINY-0587	v2	pooled:blood,jejunal epithelium,inguinal lymph node,lung,spleen,mesenteric lymph node,thoracic lymph node,epithelial lining fluid,jejunum lamina propria	LiveOnNY	10x 5' v2	snRNA-seq, CITE-seq	GSE299043_D543_001.CZINY-0587.v2.h5ad	https://ftp.ncbi.nlm.nih.gov/geo/series/GSE299nnn/GSE299043/suppl/GSE299043_D543_001.CZINY-0587.v2.h5ad	33958848
D543	NY	held	GSM9031553	001	CZINY-0588	v2	pooled:blood,jejunal epithelium,inguinal lymph node,lung,spleen,mesenteric lymph node,thoracic lymph node,epithelial lining fluid,jejunum lamina propria	LiveOnNY	10x 5' v2	snRNA-seq, CITE-seq	GSE299043_D543_001.CZINY-0588.v2.h5ad	https://ftp.ncbi.nlm.nih.gov/geo/series/GSE299nnn/GSE299043/suppl/GSE299043_D543_001.CZINY-0588.v2.h5ad	36376744
D543	NY	held	GSM9031554	001	CZINY-0589	v2	pooled:blood,jejunal epithelium,inguinal lymph node,lung,spleen,mesenteric lymph node,thoracic lymph node,epithelial lining fluid,jejunum lamina propria	LiveOnNY	10x 5' v2	snRNA-seq, CITE-seq	GSE299043_D543_001.CZINY-0589.v2.h5ad	https://ftp.ncbi.nlm.nih.gov/geo/series/GSE299nnn/GSE299043/suppl/GSE299043_D543_001.CZINY-0589.v2.h5ad	34887367
D543	NY	held	GSM9031555	001	CZINY-0590	v2	pooled:blood,jejunal epithelium,inguinal lymph node,lung,spleen,mesenteric lymph node,thoracic lymph node,epithelial lining fluid,jejunum lamina propria	LiveOnNY	10x 5' v2	snRNA-seq, CITE-seq	GSE299043_D543_001.CZINY-0590.v2.h5ad	https://ftp.ncbi.nlm.nih.gov/geo/series/GSE299nnn/GSE299043/suppl/GSE299043_D543_001.CZINY-0590.v2.h5ad	31355816
D543	NY	held	GSM9031556	001	CZINY-0591	v2	pooled:blood,jejunal epithelium,inguinal lymph node,lung,spleen,mesenteric lymph node,thoracic lymph node,epithelial lining fluid,jejunum lamina propria	LiveOnNY	10x 5' v2	snRNA-seq, CITE-seq	GSE299043_D543_001.CZINY-0591.v2.h5ad	https://ftp.ncbi.nlm.nih.gov/geo/series/GSE299nnn/GSE299043/suppl/GSE299043_D543_001.CZINY-0591.v2.h5ad	26205147
D543	NY	held	GSM9031557	001	CZINY-0592	v2	pooled:blood,jejunal epithelium,inguinal lymph node,lung,spleen,mesenteric lymph node,thoracic lymph node,epithelial lining fluid,jejunum lamina propria	LiveOnNY	10x 5' v2	snRNA-seq, CITE-seq	GSE299043_D543_001.CZINY-0592.v2.h5ad	https://ftp.ncbi.nlm.nih.gov/geo/series/GSE299nnn/GSE299043/suppl/GSE299043_D543_001.CZINY-0592.v2.h5ad	34441753
D543	NY	held	GSM9031558	001	CZINY-0593	v2	pooled:blood,jejunal epithelium,inguinal lymph node,lung,spleen,mesenteric lymph node,thoracic lymph node,epithelial lining fluid,jejunum lamina propria	LiveOnNY	10x 5' v2	snRNA-seq, CITE-seq	GSE299043_D543_001.CZINY-0593.v2.h5ad	https://ftp.ncbi.nlm.nih.gov/geo/series/GSE299nnn/GSE299043/suppl/GSE299043_D543_001.CZINY-0593.v2.h5ad	36317060
D543	NY	held	GSM9031559	001	CZINY-0594	v2	pooled:blood,jejunal epithelium,inguinal lymph node,lung,spleen,mesenteric lymph node,thoracic lymph node,epithelial lining fluid,jejunum lamina propria	LiveOnNY	10x 5' v2	snRNA-seq, CITE-seq	GSE299043_D543_001.CZINY-0594.v2.h5ad	https://ftp.ncbi.nlm.nih.gov/geo/series/GSE299nnn/GSE299043/suppl/GSE299043_D543_001.CZINY-0594.v2.h5ad	37842885
D543	NY	held	GSM9031560	001	CZINY-0595	v2	pooled:blood,jejunal epithelium,inguinal lymph node,lung,spleen,mesenteric lymph node,thoracic lymph node,epithelial lining fluid,jejunum lamina propria	LiveOnNY	10x 5' v2	snRNA-seq, CITE-seq	GSE299043_D543_001.CZINY-0595.v2.h5ad	https://ftp.ncbi.nlm.nih.gov/geo/series/GSE299nnn/GSE299043/suppl/GSE299043_D543_001.CZINY-0595.v2.h5ad	38352754
D543	NY	held	GSM9031561	001	CZINY-0596	v2	pooled:blood,jejunal epithelium,inguinal lymph node,lung,spleen,mesenteric lymph node,thoracic lymph node,epithelial lining fluid,jejunum lamina propria	LiveOnNY	10x 5' v2	snRNA-seq, CITE-seq	GSE299043_D543_001.CZINY-0596.v2.h5ad	https://ftp.ncbi.nlm.nih.gov/geo/series/GSE299nnn/GSE299043/suppl/GSE299043_D543_001.CZINY-0596.v2.h5ad	31993877
D543	NY	held	GSM9031562	001	CZINY-0597	v2	pooled:blood,jejunal epithelium,inguinal lymph node,lung,spleen,mesenteric lymph node,thoracic lymph node,epithelial lining fluid,jejunum lamina propria	LiveOnNY	10x 5' v2	snRNA-seq, CITE-seq	GSE299043_D543_001.CZINY-0597.v2.h5ad	https://ftp.ncbi.nlm.nih.gov/geo/series/GSE299nnn/GSE299043/suppl/GSE299043_D543_001.CZINY-0597.v2.h5ad	38623052
D543	NY	held	GSM9031563	001	CZINY-0598	v2	pooled:blood,jejunal epithelium,inguinal lymph node,lung,spleen,mesenteric lymph node,thoracic lymph node,epithelial lining fluid,jejunum lamina propria	LiveOnNY	10x 5' v2	snRNA-seq, CITE-seq	GSE299043_D543_001.CZINY-0598.v2.h5ad	https://ftp.ncbi.nlm.nih.gov/geo/series/GSE299nnn/GSE299043/suppl/GSE299043_D543_001.CZINY-0598.v2.h5ad	24542771
D543	NY	held	GSM9031564	001	CZINY-0599	v2	pooled:blood,jejunal epithelium,inguinal lymph node,lung,spleen,mesenteric lymph node,thoracic lymph node,epithelial lining fluid,jejunum lamina propria	LiveOnNY	10x 5' v2	snRNA-seq, CITE-seq	GSE299043_D543_001.CZINY-0599.v2.h5ad	https://ftp.ncbi.nlm.nih.gov/geo/series/GSE299nnn/GSE299043/suppl/GSE299043_D543_001.CZINY-0599.v2.h5ad	37262418
D543	NY	held	GSM9031565	001	CZINY-0600	v2	pooled:blood,jejunal epithelium,inguinal lymph node,lung,spleen,mesenteric lymph node,thoracic lymph node,epithelial lining fluid,jejunum lamina propria	LiveOnNY	10x 5' v2	snRNA-seq, CITE-seq	GSE299043_D543_001.CZINY-0600.v2.h5ad	https://ftp.ncbi.nlm.nih.gov/geo/series/GSE299nnn/GSE299043/suppl/GSE299043_D543_001.CZINY-0600.v2.h5ad	35262949
D564	NY	held	GSM9031582	001	CZINY-0649	v2	pooled:blood,jejunal epithelium,inguinal lymph node,lung,spleen,bone marrow,mesenteric lymph node,thoracic lymph node,epithelial lining fluid,jejunum lamina propria	LiveOnNY	10x 5' v2	snRNA-seq, CITE-seq	GSE299043_D564_001.CZINY-0649.v2.h5ad	https://ftp.ncbi.nlm.nih.gov/geo/series/GSE299nnn/GSE299043/suppl/GSE299043_D564_001.CZINY-0649.v2.h5ad	38297623
D564	NY	held	GSM9031583	001	CZINY-0650	v2	pooled:blood,jejunal epithelium,inguinal lymph node,lung,spleen,bone marrow,mesenteric lymph node,thoracic lymph node,epithelial lining fluid,jejunum lamina propria	LiveOnNY	10x 5' v2	snRNA-seq, CITE-seq	GSE299043_D564_001.CZINY-0650.v2.h5ad	https://ftp.ncbi.nlm.nih.gov/geo/series/GSE299nnn/GSE299043/suppl/GSE299043_D564_001.CZINY-0650.v2.h5ad	35143582
D564	NY	held	GSM9031584	001	CZINY-0651	v2	pooled:blood,jejunal epithelium,inguinal lymph node,lung,spleen,bone marrow,mesenteric lymph node,thoracic lymph node,epithelial lining fluid,jejunum lamina propria	LiveOnNY	10x 5' v2	snRNA-seq, CITE-seq	GSE299043_D564_001.CZINY-0651.v2.h5ad	https://ftp.ncbi.nlm.nih.gov/geo/series/GSE299nnn/GSE299043/suppl/GSE299043_D564_001.CZINY-0651.v2.h5ad	34340064
D564	NY	held	GSM9031585	001	CZINY-0652	v2	pooled:blood,jejunal epithelium,inguinal lymph node,lung,spleen,bone marrow,mesenteric lymph node,thoracic lymph node,epithelial lining fluid,jejunum lamina propria	LiveOnNY	10x 5' v2	snRNA-seq, CITE-seq	GSE299043_D564_001.CZINY-0652.v2.h5ad	https://ftp.ncbi.nlm.nih.gov/geo/series/GSE299nnn/GSE299043/suppl/GSE299043_D564_001.CZINY-0652.v2.h5ad	40423449
D564	NY	held	GSM9031586	001	CZINY-0653	v2	pooled:blood,jejunal epithelium,inguinal lymph node,lung,spleen,bone marrow,mesenteric lymph node,thoracic lymph node,epithelial lining fluid,jejunum lamina propria	LiveOnNY	10x 5' v2	snRNA-seq, CITE-seq	GSE299043_D564_001.CZINY-0653.v2.h5ad	https://ftp.ncbi.nlm.nih.gov/geo/series/GSE299nnn/GSE299043/suppl/GSE299043_D564_001.CZINY-0653.v2.h5ad	29149500
D564	NY	held	GSM9031587	001	CZINY-0654	v2	pooled:blood,jejunal epithelium,inguinal lymph node,lung,spleen,bone marrow,mesenteric lymph node,thoracic lymph node,epithelial lining fluid,jejunum lamina propria	LiveOnNY	10x 5' v2	snRNA-seq, CITE-seq	GSE299043_D564_001.CZINY-0654.v2.h5ad	https://ftp.ncbi.nlm.nih.gov/geo/series/GSE299nnn/GSE299043/suppl/GSE299043_D564_001.CZINY-0654.v2.h5ad	36811811
D564	NY	held	GSM9031588	001	CZINY-0655	v2	pooled:blood,jejunal epithelium,inguinal lymph node,lung,spleen,bone marrow,mesenteric lymph node,thoracic lymph node,epithelial lining fluid,jejunum lamina propria	LiveOnNY	10x 5' v2	snRNA-seq, CITE-seq	GSE299043_D564_001.CZINY-0655.v2.h5ad	https://ftp.ncbi.nlm.nih.gov/geo/series/GSE299nnn/GSE299043/suppl/GSE299043_D564_001.CZINY-0655.v2.h5ad	34915978
D564	NY	held	GSM9031589	001	CZINY-0656	v2	pooled:blood,jejunal epithelium,inguinal lymph node,lung,spleen,bone marrow,mesenteric lymph node,thoracic lymph node,epithelial lining fluid,jejunum lamina propria	LiveOnNY	10x 5' v2	snRNA-seq, CITE-seq	GSE299043_D564_001.CZINY-0656.v2.h5ad	https://ftp.ncbi.nlm.nih.gov/geo/series/GSE299nnn/GSE299043/suppl/GSE299043_D564_001.CZINY-0656.v2.h5ad	30452602
D564	NY	held	GSM9031590	001	CZINY-0657	v2	pooled:blood,jejunal epithelium,inguinal lymph node,lung,spleen,bone marrow,mesenteric lymph node,thoracic lymph node,epithelial lining fluid,jejunum lamina propria	LiveOnNY	10x 5' v2	snRNA-seq, CITE-seq	GSE299043_D564_001.CZINY-0657.v2.h5ad	https://ftp.ncbi.nlm.nih.gov/geo/series/GSE299nnn/GSE299043/suppl/GSE299043_D564_001.CZINY-0657.v2.h5ad	34079516
D564	NY	held	GSM9031591	001	CZINY-0658	v2	pooled:blood,jejunal epithelium,inguinal lymph node,lung,spleen,bone marrow,mesenteric lymph node,thoracic lymph node,epithelial lining fluid,jejunum lamina propria	LiveOnNY	10x 5' v2	snRNA-seq, CITE-seq	GSE299043_D564_001.CZINY-0658.v2.h5ad	https://ftp.ncbi.nlm.nih.gov/geo/series/GSE299nnn/GSE299043/suppl/GSE299043_D564_001.CZINY-0658.v2.h5ad	30317342
D564	NY	held	GSM9031592	001	CZINY-0659	v2	pooled:blood,jejunal epithelium,inguinal lymph node,lung,spleen,bone marrow,mesenteric lymph node,thoracic lymph node,epithelial lining fluid,jejunum lamina propria	LiveOnNY	10x 5' v2	snRNA-seq, CITE-seq	GSE299043_D564_001.CZINY-0659.v2.h5ad	https://ftp.ncbi.nlm.nih.gov/geo/series/GSE299nnn/GSE299043/suppl/GSE299043_D564_001.CZINY-0659.v2.h5ad	33438138
D564	NY	held	GSM9031593	001	CZINY-0660	v2	pooled:blood,jejunal epithelium,inguinal lymph node,lung,spleen,bone marrow,mesenteric lymph node,thoracic lymph node,epithelial lining fluid,jejunum lamina propria	LiveOnNY	10x 5' v2	snRNA-seq, CITE-seq	GSE299043_D564_001.CZINY-0660.v2.h5ad	https://ftp.ncbi.nlm.nih.gov/geo/series/GSE299nnn/GSE299043/suppl/GSE299043_D564_001.CZINY-0660.v2.h5ad	38248660
D564	NY	held	GSM9031594	001	CZINY-0661	v2	pooled:blood,jejunal epithelium,inguinal lymph node,lung,spleen,bone marrow,mesenteric lymph node,thoracic lymph node,epithelial lining fluid,jejunum lamina propria	LiveOnNY	10x 5' v2	snRNA-seq, CITE-seq	GSE299043_D564_001.CZINY-0661.v2.h5ad	https://ftp.ncbi.nlm.nih.gov/geo/series/GSE299nnn/GSE299043/suppl/GSE299043_D564_001.CZINY-0661.v2.h5ad	33668161
D564	NY	held	GSM9031595	001	CZINY-0662	v2	pooled:blood,jejunal epithelium,inguinal lymph node,lung,spleen,bone marrow,mesenteric lymph node,thoracic lymph node,epithelial lining fluid,jejunum lamina propria	LiveOnNY	10x 5' v2	snRNA-seq, CITE-seq	GSE299043_D564_001.CZINY-0662.v2.h5ad	https://ftp.ncbi.nlm.nih.gov/geo/series/GSE299nnn/GSE299043/suppl/GSE299043_D564_001.CZINY-0662.v2.h5ad	30650023
D564	NY	held	GSM9031596	001	CZINY-0663	v2	pooled:blood,jejunal epithelium,inguinal lymph node,lung,spleen,bone marrow,mesenteric lymph node,thoracic lymph node,epithelial lining fluid,jejunum lamina propria	LiveOnNY	10x 5' v2	snRNA-seq, CITE-seq	GSE299043_D564_001.CZINY-0663.v2.h5ad	https://ftp.ncbi.nlm.nih.gov/geo/series/GSE299nnn/GSE299043/suppl/GSE299043_D564_001.CZINY-0663.v2.h5ad	28337740
D564	NY	held	GSM9031597	001	CZINY-0664	v2	pooled:blood,jejunal epithelium,inguinal lymph node,lung,spleen,bone marrow,mesenteric lymph node,thoracic lymph node,epithelial lining fluid,jejunum lamina propria	LiveOnNY	10x 5' v2	snRNA-seq, CITE-seq	GSE299043_D564_001.CZINY-0664.v2.h5ad	https://ftp.ncbi.nlm.nih.gov/geo/series/GSE299nnn/GSE299043/suppl/GSE299043_D564_001.CZINY-0664.v2.h5ad	29670223
D570	NY	held	GSM9031617	001	CZINY-0713	v2	pooled:blood,jejunal epithelium,inguinal lymph node,lung,spleen,bone marrow,mesenteric lymph node,thoracic lymph node,epithelial lining fluid,jejunum lamina propria	LiveOnNY	10x 5' v2	snRNA-seq, CITE-seq	GSE299043_D570_001.CZINY-0713.v2.h5ad	https://ftp.ncbi.nlm.nih.gov/geo/series/GSE299nnn/GSE299043/suppl/GSE299043_D570_001.CZINY-0713.v2.h5ad	34583983
D570	NY	held	GSM9031618	001	CZINY-0714	v2	pooled:blood,jejunal epithelium,inguinal lymph node,lung,spleen,bone marrow,mesenteric lymph node,thoracic lymph node,epithelial lining fluid,jejunum lamina propria	LiveOnNY	10x 5' v2	snRNA-seq, CITE-seq	GSE299043_D570_001.CZINY-0714.v2.h5ad	https://ftp.ncbi.nlm.nih.gov/geo/series/GSE299nnn/GSE299043/suppl/GSE299043_D570_001.CZINY-0714.v2.h5ad	34283089
D570	NY	held	GSM9031619	001	CZINY-0715	v2	pooled:blood,jejunal epithelium,inguinal lymph node,lung,spleen,bone marrow,mesenteric lymph node,thoracic lymph node,epithelial lining fluid,jejunum lamina propria	LiveOnNY	10x 5' v2	snRNA-seq, CITE-seq	GSE299043_D570_001.CZINY-0715.v2.h5ad	https://ftp.ncbi.nlm.nih.gov/geo/series/GSE299nnn/GSE299043/suppl/GSE299043_D570_001.CZINY-0715.v2.h5ad	36781563
D570	NY	held	GSM9031620	001	CZINY-0716	v2	pooled:blood,jejunal epithelium,inguinal lymph node,lung,spleen,bone marrow,mesenteric lymph node,thoracic lymph node,epithelial lining fluid,jejunum lamina propria	LiveOnNY	10x 5' v2	snRNA-seq, CITE-seq	GSE299043_D570_001.CZINY-0716.v2.h5ad	https://ftp.ncbi.nlm.nih.gov/geo/series/GSE299nnn/GSE299043/suppl/GSE299043_D570_001.CZINY-0716.v2.h5ad	35220493
D570	NY	held	GSM9031621	001	CZINY-0717	v2	pooled:blood,jejunal epithelium,inguinal lymph node,lung,spleen,bone marrow,mesenteric lymph node,thoracic lymph node,epithelial lining fluid,jejunum lamina propria	LiveOnNY	10x 5' v2	snRNA-seq, CITE-seq	GSE299043_D570_001.CZINY-0717.v2.h5ad	https://ftp.ncbi.nlm.nih.gov/geo/series/GSE299nnn/GSE299043/suppl/GSE299043_D570_001.CZINY-0717.v2.h5ad	37531431
D570	NY	held	GSM9031622	001	CZINY-0718	v2	pooled:blood,jejunal epithelium,inguinal lymph node,lung,spleen,bone marrow,mesenteric lymph node,thoracic lymph node,epithelial lining fluid,jejunum lamina propria	LiveOnNY	10x 5' v2	snRNA-seq, CITE-seq	GSE299043_D570_001.CZINY-0718.v2.h5ad	https://ftp.ncbi.nlm.nih.gov/geo/series/GSE299nnn/GSE299043/suppl/GSE299043_D570_001.CZINY-0718.v2.h5ad	26539922
D570	NY	held	GSM9031623	001	CZINY-0719	v2	pooled:blood,jejunal epithelium,inguinal lymph node,lung,spleen,bone marrow,mesenteric lymph node,thoracic lymph node,epithelial lining fluid,jejunum lamina propria	LiveOnNY	10x 5' v2	snRNA-seq, CITE-seq	GSE299043_D570_001.CZINY-0719.v2.h5ad	https://ftp.ncbi.nlm.nih.gov/geo/series/GSE299nnn/GSE299043/suppl/GSE299043_D570_001.CZINY-0719.v2.h5ad	11390840
D570	NY	held	GSM9031624	001	CZINY-0720	v2	pooled:blood,jejunal epithelium,inguinal lymph node,lung,spleen,bone marrow,mesenteric lymph node,thoracic lymph node,epithelial lining fluid,jejunum lamina propria	LiveOnNY	10x 5' v2	snRNA-seq, CITE-seq	GSE299043_D570_001.CZINY-0720.v2.h5ad	https://ftp.ncbi.nlm.nih.gov/geo/series/GSE299nnn/GSE299043/suppl/GSE299043_D570_001.CZINY-0720.v2.h5ad	30345589
D570	NY	held	GSM9031625	001	CZINY-0721	v2	pooled:blood,jejunal epithelium,inguinal lymph node,lung,spleen,bone marrow,mesenteric lymph node,thoracic lymph node,epithelial lining fluid,jejunum lamina propria	LiveOnNY	10x 5' v2	snRNA-seq, CITE-seq	GSE299043_D570_001.CZINY-0721.v2.h5ad	https://ftp.ncbi.nlm.nih.gov/geo/series/GSE299nnn/GSE299043/suppl/GSE299043_D570_001.CZINY-0721.v2.h5ad	31493263
D570	NY	held	GSM9031626	001	CZINY-0722	v2	pooled:blood,jejunal epithelium,inguinal lymph node,lung,spleen,bone marrow,mesenteric lymph node,thoracic lymph node,epithelial lining fluid,jejunum lamina propria	LiveOnNY	10x 5' v2	snRNA-seq, CITE-seq	GSE299043_D570_001.CZINY-0722.v2.h5ad	https://ftp.ncbi.nlm.nih.gov/geo/series/GSE299nnn/GSE299043/suppl/GSE299043_D570_001.CZINY-0722.v2.h5ad	40944888
D570	NY	held	GSM9031627	001	CZINY-0723	v2	pooled:blood,jejunal epithelium,inguinal lymph node,lung,spleen,bone marrow,mesenteric lymph node,thoracic lymph node,epithelial lining fluid,jejunum lamina propria	LiveOnNY	10x 5' v2	snRNA-seq, CITE-seq	GSE299043_D570_001.CZINY-0723.v2.h5ad	https://ftp.ncbi.nlm.nih.gov/geo/series/GSE299nnn/GSE299043/suppl/GSE299043_D570_001.CZINY-0723.v2.h5ad	29012051
D570	NY	held	GSM9031628	001	CZINY-0724	v2	pooled:blood,jejunal epithelium,inguinal lymph node,lung,spleen,bone marrow,mesenteric lymph node,thoracic lymph node,epithelial lining fluid,jejunum lamina propria	LiveOnNY	10x 5' v2	snRNA-seq, CITE-seq	GSE299043_D570_001.CZINY-0724.v2.h5ad	https://ftp.ncbi.nlm.nih.gov/geo/series/GSE299nnn/GSE299043/suppl/GSE299043_D570_001.CZINY-0724.v2.h5ad	23847431
D570	NY	held	GSM9031629	001	CZINY-0725	v2	pooled:blood,jejunal epithelium,inguinal lymph node,lung,spleen,bone marrow,mesenteric lymph node,thoracic lymph node,epithelial lining fluid,jejunum lamina propria	LiveOnNY	10x 5' v2	snRNA-seq, CITE-seq	GSE299043_D570_001.CZINY-0725.v2.h5ad	https://ftp.ncbi.nlm.nih.gov/geo/series/GSE299nnn/GSE299043/suppl/GSE299043_D570_001.CZINY-0725.v2.h5ad	21095212
D570	NY	held	GSM9031630	001	CZINY-0726	v2	pooled:blood,jejunal epithelium,inguinal lymph node,lung,spleen,bone marrow,mesenteric lymph node,thoracic lymph node,epithelial lining fluid,jejunum lamina propria	LiveOnNY	10x 5' v2	snRNA-seq, CITE-seq	GSE299043_D570_001.CZINY-0726.v2.h5ad	https://ftp.ncbi.nlm.nih.gov/geo/series/GSE299nnn/GSE299043/suppl/GSE299043_D570_001.CZINY-0726.v2.h5ad	21230607
D570	NY	held	GSM9031631	001	CZINY-0727	v2	pooled:blood,jejunal epithelium,inguinal lymph node,lung,spleen,bone marrow,mesenteric lymph node,thoracic lymph node,epithelial lining fluid,jejunum lamina propria	LiveOnNY	10x 5' v2	snRNA-seq, CITE-seq	GSE299043_D570_001.CZINY-0727.v2.h5ad	https://ftp.ncbi.nlm.nih.gov/geo/series/GSE299nnn/GSE299043/suppl/GSE299043_D570_001.CZINY-0727.v2.h5ad	19566748
591C	UK	development	GSM9031659	003	CZI-IA10034920	v1	pooled:lung,spleen,bone marrow,mesenteric lymph node,thoracic lymph node	Cambridge Biorepository for Translational Medicine	10x 5' v2	snRNA-seq, CITE-seq	GSE299043_591C_003.CZI-IA10034920.v1.h5ad	https://ftp.ncbi.nlm.nih.gov/geo/series/GSE299nnn/GSE299043/suppl/GSE299043_591C_003.CZI-IA10034920.v1.h5ad	51819984
591C	UK	development	GSM9031660	003	CZI-IA10034921	v1	pooled:lung,spleen,bone marrow,mesenteric lymph node,thoracic lymph node	Cambridge Biorepository for Translational Medicine	10x 5' v2	snRNA-seq, CITE-seq	GSE299043_591C_003.CZI-IA10034921.v1.h5ad	https://ftp.ncbi.nlm.nih.gov/geo/series/GSE299nnn/GSE299043/suppl/GSE299043_591C_003.CZI-IA10034921.v1.h5ad	52819313
591C	UK	development	GSM9031661	003	CZI-IA10034922	v1	pooled:lung,spleen,bone marrow,mesenteric lymph node,thoracic lymph node	Cambridge Biorepository for Translational Medicine	10x 5' v2	snRNA-seq, CITE-seq	GSE299043_591C_003.CZI-IA10034922.v1.h5ad	https://ftp.ncbi.nlm.nih.gov/geo/series/GSE299nnn/GSE299043/suppl/GSE299043_591C_003.CZI-IA10034922.v1.h5ad	52510838
591C	UK	development	GSM9031663	003	CZI-IA10034924	v1	pooled:lung,spleen,bone marrow,mesenteric lymph node,thoracic lymph node	Cambridge Biorepository for Translational Medicine	10x 5' v2	snRNA-seq, CITE-seq	GSE299043_591C_003.CZI-IA10034924.v1.h5ad	https://ftp.ncbi.nlm.nih.gov/geo/series/GSE299nnn/GSE299043/suppl/GSE299043_591C_003.CZI-IA10034924.v1.h5ad	63985987
591C	UK	development	GSM9031664	003	CZI-IA10034925	v1	pooled:lung,spleen,bone marrow,mesenteric lymph node,thoracic lymph node	Cambridge Biorepository for Translational Medicine	10x 5' v2	snRNA-seq, CITE-seq	GSE299043_591C_003.CZI-IA10034925.v1.h5ad	https://ftp.ncbi.nlm.nih.gov/geo/series/GSE299nnn/GSE299043/suppl/GSE299043_591C_003.CZI-IA10034925.v1.h5ad	59858767
591C	UK	development	GSM9031665	003	CZI-IA10034926	v1	pooled:lung,spleen,bone marrow,mesenteric lymph node,thoracic lymph node	Cambridge Biorepository for Translational Medicine	10x 5' v2	snRNA-seq, CITE-seq	GSE299043_591C_003.CZI-IA10034926.v1.h5ad	https://ftp.ncbi.nlm.nih.gov/geo/series/GSE299nnn/GSE299043/suppl/GSE299043_591C_003.CZI-IA10034926.v1.h5ad	69098451
591C	UK	development	GSM9031666	003	CZI-IA10034927	v1	pooled:lung,spleen,bone marrow,mesenteric lymph node,thoracic lymph node	Cambridge Biorepository for Translational Medicine	10x 5' v2	snRNA-seq, CITE-seq	GSE299043_591C_003.CZI-IA10034927.v1.h5ad	https://ftp.ncbi.nlm.nih.gov/geo/series/GSE299nnn/GSE299043/suppl/GSE299043_591C_003.CZI-IA10034927.v1.h5ad	57638106
591C	UK	development	GSM9031667	003	CZI-IA10034928	v1	pooled:lung,spleen,bone marrow,mesenteric lymph node,thoracic lymph node	Cambridge Biorepository for Translational Medicine	10x 5' v2	snRNA-seq, CITE-seq	GSE299043_591C_003.CZI-IA10034928.v1.h5ad	https://ftp.ncbi.nlm.nih.gov/geo/series/GSE299nnn/GSE299043/suppl/GSE299043_591C_003.CZI-IA10034928.v1.h5ad	68156792
621B	UK	development	GSM9031675	001	CZI-IA10244332	v1	pooled:spleen,mesenteric lymph node,thoracic lymph node	Cambridge Biorepository for Translational Medicine	10x 5' v2	snRNA-seq, CITE-seq	GSE299043_621B_001.CZI-IA10244332.v1.h5ad	https://ftp.ncbi.nlm.nih.gov/geo/series/GSE299nnn/GSE299043/suppl/GSE299043_621B_001.CZI-IA10244332.v1.h5ad	53753684
637C	UK	development	GSM9031691	001	CZI-IA10466281	v1	pooled:blood,spleen,liver,bone marrow,mesenteric lymph node,thoracic lymph node	Cambridge Biorepository for Translational Medicine	10x 5' v2	snRNA-seq, CITE-seq	GSE299043_637C_001.CZI-IA10466281.v1.h5ad	https://ftp.ncbi.nlm.nih.gov/geo/series/GSE299nnn/GSE299043/suppl/GSE299043_637C_001.CZI-IA10466281.v1.h5ad	39988559
637C	UK	development	GSM9031692	001	CZI-IA10466282	v1	pooled:blood,spleen,liver,bone marrow,mesenteric lymph node,thoracic lymph node	Cambridge Biorepository for Translational Medicine	10x 5' v2	snRNA-seq, CITE-seq	GSE299043_637C_001.CZI-IA10466282.v1.h5ad	https://ftp.ncbi.nlm.nih.gov/geo/series/GSE299nnn/GSE299043/suppl/GSE299043_637C_001.CZI-IA10466282.v1.h5ad	40327784
637C	UK	development	GSM9031693	001	CZI-IA10466283	v1	pooled:blood,spleen,liver,bone marrow,mesenteric lymph node,thoracic lymph node	Cambridge Biorepository for Translational Medicine	10x 5' v2	snRNA-seq, CITE-seq	GSE299043_637C_001.CZI-IA10466283.v1.h5ad	https://ftp.ncbi.nlm.nih.gov/geo/series/GSE299nnn/GSE299043/suppl/GSE299043_637C_001.CZI-IA10466283.v1.h5ad	39937286
637C	UK	development	GSM9031694	001	CZI-IA10466284	v1	pooled:blood,spleen,liver,bone marrow,mesenteric lymph node,thoracic lymph node	Cambridge Biorepository for Translational Medicine	10x 5' v2	snRNA-seq, CITE-seq	GSE299043_637C_001.CZI-IA10466284.v1.h5ad	https://ftp.ncbi.nlm.nih.gov/geo/series/GSE299nnn/GSE299043/suppl/GSE299043_637C_001.CZI-IA10466284.v1.h5ad	43235974
637C	UK	development	GSM9031697	001	CZI-IA10466287	v1	pooled:blood,spleen,liver,bone marrow,mesenteric lymph node,thoracic lymph node	Cambridge Biorepository for Translational Medicine	10x 5' v2	snRNA-seq, CITE-seq	GSE299043_637C_001.CZI-IA10466287.v1.h5ad	https://ftp.ncbi.nlm.nih.gov/geo/series/GSE299nnn/GSE299043/suppl/GSE299043_637C_001.CZI-IA10466287.v1.h5ad	49852075
637C	UK	development	GSM9031698	001	CZI-IA10466288	v1	pooled:blood,spleen,liver,bone marrow,mesenteric lymph node,thoracic lymph node	Cambridge Biorepository for Translational Medicine	10x 5' v2	snRNA-seq, CITE-seq	GSE299043_637C_001.CZI-IA10466288.v1.h5ad	https://ftp.ncbi.nlm.nih.gov/geo/series/GSE299nnn/GSE299043/suppl/GSE299043_637C_001.CZI-IA10466288.v1.h5ad	51240652
637C	UK	development	GSM9031699	001	CZI-IA10466289	v1	pooled:blood,spleen,liver,bone marrow,mesenteric lymph node,thoracic lymph node	Cambridge Biorepository for Translational Medicine	10x 5' v2	snRNA-seq, CITE-seq	GSE299043_637C_001.CZI-IA10466289.v1.h5ad	https://ftp.ncbi.nlm.nih.gov/geo/series/GSE299nnn/GSE299043/suppl/GSE299043_637C_001.CZI-IA10466289.v1.h5ad	49932894
640C	UK	development	GSM9031712	001	CZI-IA10471909	v1	pooled:spleen,bone marrow,mesenteric lymph node,thoracic lymph node	Cambridge Biorepository for Translational Medicine	10x 5' v2	snRNA-seq, CITE-seq	GSE299043_640C_001.CZI-IA10471909.v1.h5ad	https://ftp.ncbi.nlm.nih.gov/geo/series/GSE299nnn/GSE299043/suppl/GSE299043_640C_001.CZI-IA10471909.v1.h5ad	60163497
640C	UK	development	GSM9031713	001	CZI-IA10471910	v1	pooled:spleen,bone marrow,mesenteric lymph node,thoracic lymph node	Cambridge Biorepository for Translational Medicine	10x 5' v2	snRNA-seq, CITE-seq	GSE299043_640C_001.CZI-IA10471910.v1.h5ad	https://ftp.ncbi.nlm.nih.gov/geo/series/GSE299nnn/GSE299043/suppl/GSE299043_640C_001.CZI-IA10471910.v1.h5ad	61586810
640C	UK	development	GSM9031717	001	CZI-IA10471914	v1	pooled:spleen,bone marrow,mesenteric lymph node,thoracic lymph node	Cambridge Biorepository for Translational Medicine	10x 5' v2	snRNA-seq, CITE-seq	GSE299043_640C_001.CZI-IA10471914.v1.h5ad	https://ftp.ncbi.nlm.nih.gov/geo/series/GSE299nnn/GSE299043/suppl/GSE299043_640C_001.CZI-IA10471914.v1.h5ad	69580953
640C	UK	development	GSM9031718	001	CZI-IA10471915	v1	pooled:spleen,bone marrow,mesenteric lymph node,thoracic lymph node	Cambridge Biorepository for Translational Medicine	10x 5' v2	snRNA-seq, CITE-seq	GSE299043_640C_001.CZI-IA10471915.v1.h5ad	https://ftp.ncbi.nlm.nih.gov/geo/series/GSE299nnn/GSE299043/suppl/GSE299043_640C_001.CZI-IA10471915.v1.h5ad	74377115
647C	UK	development	GSM9031728	001	CZI-IA10585544	v2	pooled:spleen,bone marrow,mesenteric lymph node,thoracic lymph node	Cambridge Biorepository for Translational Medicine	10x 5' v2	snRNA-seq, CITE-seq	GSE299043_647C_001.CZI-IA10585544.v2.h5ad	https://ftp.ncbi.nlm.nih.gov/geo/series/GSE299nnn/GSE299043/suppl/GSE299043_647C_001.CZI-IA10585544.v2.h5ad	47560014
647C	UK	development	GSM9031729	001	CZI-IA10585545	v2	pooled:skin of body,spleen,bone marrow,mesenteric lymph node,thoracic lymph node	Cambridge Biorepository for Translational Medicine	10x 5' v2	snRNA-seq, CITE-seq	GSE299043_647C_001.CZI-IA10585545.v2.h5ad	https://ftp.ncbi.nlm.nih.gov/geo/series/GSE299nnn/GSE299043/suppl/GSE299043_647C_001.CZI-IA10585545.v2.h5ad	67772858
689C	UK	development	GSM9031747	001	CZI-IA11485683	v2	pooled:bone marrow,mesenteric lymph node	Cambridge Biorepository for Translational Medicine	10x 5' v2	snRNA-seq, CITE-seq	GSE299043_689C_001.CZI-IA11485683.v2.h5ad	https://ftp.ncbi.nlm.nih.gov/geo/series/GSE299nnn/GSE299043/suppl/GSE299043_689C_001.CZI-IA11485683.v2.h5ad	43655405
689C	UK	development	GSM9031748	001	CZI-IA11485684	v2	pooled:bone marrow,mesenteric lymph node	Cambridge Biorepository for Translational Medicine	10x 5' v2	snRNA-seq, CITE-seq	GSE299043_689C_001.CZI-IA11485684.v2.h5ad	https://ftp.ncbi.nlm.nih.gov/geo/series/GSE299nnn/GSE299043/suppl/GSE299043_689C_001.CZI-IA11485684.v2.h5ad	46328099
689C	UK	development	GSM9031755	001	CZI-IA11485691	v2	pooled:bone marrow,mesenteric lymph node	Cambridge Biorepository for Translational Medicine	10x 5' v2	snRNA-seq, CITE-seq	GSE299043_689C_001.CZI-IA11485691.v2.h5ad	https://ftp.ncbi.nlm.nih.gov/geo/series/GSE299nnn/GSE299043/suppl/GSE299043_689C_001.CZI-IA11485691.v2.h5ad	59843050
689C	UK	development	GSM9031756	001	CZI-IA11512681	v2	pooled:bone marrow,mesenteric lymph node	Cambridge Biorepository for Translational Medicine	10x 5' v2	snRNA-seq, CITE-seq	GSE299043_689C_001.CZI-IA11512681.v2.h5ad	https://ftp.ncbi.nlm.nih.gov/geo/series/GSE299nnn/GSE299043/suppl/GSE299043_689C_001.CZI-IA11512681.v2.h5ad	57871186
694B	UK	development	GSM9031790	001	CZI-IA11512689	v2	pooled:mesenteric lymph node	Cambridge Biorepository for Translational Medicine	10x 5' v2	snRNA-seq, CITE-seq	GSE299043_694B_001.CZI-IA11512689.v2.h5ad	https://ftp.ncbi.nlm.nih.gov/geo/series/GSE299nnn/GSE299043/suppl/GSE299043_694B_001.CZI-IA11512689.v2.h5ad	12866461
759B	UK	development	GSM9031810	001	CZI-IA12953809	v2	pooled:blood,spleen,thymus,bone marrow,mesenteric lymph node,thoracic lymph node	Cambridge Biorepository for Translational Medicine	10x 5' v2	snRNA-seq, CITE-seq	GSE299043_759B_001.CZI-IA12953809.v2.h5ad	https://ftp.ncbi.nlm.nih.gov/geo/series/GSE299nnn/GSE299043/suppl/GSE299043_759B_001.CZI-IA12953809.v2.h5ad	57229054
759B	UK	development	GSM9031811	001	CZI-IA12953810	v2	pooled:blood,spleen,thymus,bone marrow,mesenteric lymph node,thoracic lymph node	Cambridge Biorepository for Translational Medicine	10x 5' v2	snRNA-seq, CITE-seq	GSE299043_759B_001.CZI-IA12953810.v2.h5ad	https://ftp.ncbi.nlm.nih.gov/geo/series/GSE299nnn/GSE299043/suppl/GSE299043_759B_001.CZI-IA12953810.v2.h5ad	57272397
759B	UK	development	GSM9031812	001	CZI-IA12953811	v2	pooled:blood,spleen,thymus,bone marrow,mesenteric lymph node,thoracic lymph node	Cambridge Biorepository for Translational Medicine	10x 5' v2	snRNA-seq, CITE-seq	GSE299043_759B_001.CZI-IA12953811.v2.h5ad	https://ftp.ncbi.nlm.nih.gov/geo/series/GSE299nnn/GSE299043/suppl/GSE299043_759B_001.CZI-IA12953811.v2.h5ad	56873652
759B	UK	development	GSM9031813	001	CZI-IA12953812	v2	pooled:blood,spleen,thymus,bone marrow,mesenteric lymph node,thoracic lymph node	Cambridge Biorepository for Translational Medicine	10x 5' v2	snRNA-seq, CITE-seq	GSE299043_759B_001.CZI-IA12953812.v2.h5ad	https://ftp.ncbi.nlm.nih.gov/geo/series/GSE299nnn/GSE299043/suppl/GSE299043_759B_001.CZI-IA12953812.v2.h5ad	57393310
759B	UK	development	GSM9031814	001	CZI-IA12953813	v2	pooled:blood,spleen,thymus,bone marrow,mesenteric lymph node,thoracic lymph node	Cambridge Biorepository for Translational Medicine	10x 5' v2	snRNA-seq, CITE-seq	GSE299043_759B_001.CZI-IA12953813.v2.h5ad	https://ftp.ncbi.nlm.nih.gov/geo/series/GSE299nnn/GSE299043/suppl/GSE299043_759B_001.CZI-IA12953813.v2.h5ad	53691913
759B	UK	development	GSM9031815	001	CZI-IA12953814	v2	pooled:blood,spleen,thymus,bone marrow,mesenteric lymph node,thoracic lymph node	Cambridge Biorepository for Translational Medicine	10x 5' v2	snRNA-seq, CITE-seq	GSE299043_759B_001.CZI-IA12953814.v2.h5ad	https://ftp.ncbi.nlm.nih.gov/geo/series/GSE299nnn/GSE299043/suppl/GSE299043_759B_001.CZI-IA12953814.v2.h5ad	57698478
759B	UK	development	GSM9031816	001	CZI-IA12953815	v2	pooled:blood,spleen,thymus,bone marrow,mesenteric lymph node,thoracic lymph node	Cambridge Biorepository for Translational Medicine	10x 5' v2	snRNA-seq, CITE-seq	GSE299043_759B_001.CZI-IA12953815.v2.h5ad	https://ftp.ncbi.nlm.nih.gov/geo/series/GSE299nnn/GSE299043/suppl/GSE299043_759B_001.CZI-IA12953815.v2.h5ad	53084674
759B	UK	development	GSM9031817	001	CZI-IA12953816	v2	pooled:blood,spleen,thymus,bone marrow,mesenteric lymph node,thoracic lymph node	Cambridge Biorepository for Translational Medicine	10x 5' v2	snRNA-seq, CITE-seq	GSE299043_759B_001.CZI-IA12953816.v2.h5ad	https://ftp.ncbi.nlm.nih.gov/geo/series/GSE299nnn/GSE299043/suppl/GSE299043_759B_001.CZI-IA12953816.v2.h5ad	57169783
759B	UK	development	GSM9031818	001	CZI-IA12953905	v2	pooled:blood,spleen,thymus,bone marrow,mesenteric lymph node,thoracic lymph node	Cambridge Biorepository for Translational Medicine	10x 5' v2	snRNA-seq, CITE-seq	GSE299043_759B_001.CZI-IA12953905.v2.h5ad	https://ftp.ncbi.nlm.nih.gov/geo/series/GSE299nnn/GSE299043/suppl/GSE299043_759B_001.CZI-IA12953905.v2.h5ad	35109230
759B	UK	development	GSM9031819	001	CZI-IA12953906	v2	pooled:blood,spleen,thymus,bone marrow,mesenteric lymph node,thoracic lymph node	Cambridge Biorepository for Translational Medicine	10x 5' v2	snRNA-seq, CITE-seq	GSE299043_759B_001.CZI-IA12953906.v2.h5ad	https://ftp.ncbi.nlm.nih.gov/geo/series/GSE299nnn/GSE299043/suppl/GSE299043_759B_001.CZI-IA12953906.v2.h5ad	19692432
759B	UK	development	GSM9031821	001	CZI-IA12953908	v2	pooled:blood,spleen,bone marrow,mesenteric lymph node,thoracic lymph node	Cambridge Biorepository for Translational Medicine	10x 5' v2	snRNA-seq, CITE-seq	GSE299043_759B_001.CZI-IA12953908.v2.h5ad	https://ftp.ncbi.nlm.nih.gov/geo/series/GSE299nnn/GSE299043/suppl/GSE299043_759B_001.CZI-IA12953908.v2.h5ad	57458581
759B	UK	development	GSM9031822	001	CZI-IA12953909	v2	pooled:blood,spleen,bone marrow,mesenteric lymph node,thoracic lymph node	Cambridge Biorepository for Translational Medicine	10x 5' v2	snRNA-seq, CITE-seq	GSE299043_759B_001.CZI-IA12953909.v2.h5ad	https://ftp.ncbi.nlm.nih.gov/geo/series/GSE299nnn/GSE299043/suppl/GSE299043_759B_001.CZI-IA12953909.v2.h5ad	55196512
759B	UK	development	GSM9031823	001	CZI-IA12953910	v2	pooled:blood,spleen,bone marrow,mesenteric lymph node,thoracic lymph node	Cambridge Biorepository for Translational Medicine	10x 5' v2	snRNA-seq, CITE-seq	GSE299043_759B_001.CZI-IA12953910.v2.h5ad	https://ftp.ncbi.nlm.nih.gov/geo/series/GSE299nnn/GSE299043/suppl/GSE299043_759B_001.CZI-IA12953910.v2.h5ad	56992943
759B	UK	development	GSM9031824	001	CZI-IA12953911	v2	pooled:blood,spleen,bone marrow,mesenteric lymph node,thoracic lymph node	Cambridge Biorepository for Translational Medicine	10x 5' v2	snRNA-seq, CITE-seq	GSE299043_759B_001.CZI-IA12953911.v2.h5ad	https://ftp.ncbi.nlm.nih.gov/geo/series/GSE299nnn/GSE299043/suppl/GSE299043_759B_001.CZI-IA12953911.v2.h5ad	60318616
768B	UK	development	GSM9031842	001	CZI-IA13073003	v2	pooled:blood,jejunal epithelium,spleen,bone marrow,mesenteric lymph node,thoracic lymph node,jejunum lamina propria	Cambridge Biorepository for Translational Medicine	10x 5' v2	snRNA-seq, CITE-seq	GSE299043_768B_001.CZI-IA13073003.v2.h5ad	https://ftp.ncbi.nlm.nih.gov/geo/series/GSE299nnn/GSE299043/suppl/GSE299043_768B_001.CZI-IA13073003.v2.h5ad	77166939
768B	UK	development	GSM9031843	001	CZI-IA13073004	v2	pooled:blood,jejunal epithelium,spleen,bone marrow,mesenteric lymph node,thoracic lymph node,jejunum lamina propria	Cambridge Biorepository for Translational Medicine	10x 5' v2	snRNA-seq, CITE-seq	GSE299043_768B_001.CZI-IA13073004.v2.h5ad	https://ftp.ncbi.nlm.nih.gov/geo/series/GSE299nnn/GSE299043/suppl/GSE299043_768B_001.CZI-IA13073004.v2.h5ad	76013606
768B	UK	development	GSM9031844	001	CZI-IA13073005	v2	pooled:blood,jejunal epithelium,spleen,bone marrow,mesenteric lymph node,thoracic lymph node,jejunum lamina propria	Cambridge Biorepository for Translational Medicine	10x 5' v2	snRNA-seq, CITE-seq	GSE299043_768B_001.CZI-IA13073005.v2.h5ad	https://ftp.ncbi.nlm.nih.gov/geo/series/GSE299nnn/GSE299043/suppl/GSE299043_768B_001.CZI-IA13073005.v2.h5ad	77930116
768B	UK	development	GSM9031845	001	CZI-IA13073006	v2	pooled:blood,jejunal epithelium,spleen,bone marrow,mesenteric lymph node,thoracic lymph node,jejunum lamina propria	Cambridge Biorepository for Translational Medicine	10x 5' v2	snRNA-seq, CITE-seq	GSE299043_768B_001.CZI-IA13073006.v2.h5ad	https://ftp.ncbi.nlm.nih.gov/geo/series/GSE299nnn/GSE299043/suppl/GSE299043_768B_001.CZI-IA13073006.v2.h5ad	76745881
768B	UK	development	GSM9031848	001	CZI-IA13073099	v2	pooled:blood,jejunal epithelium,lung,spleen,bone marrow,mesenteric lymph node,thoracic lymph node,jejunum lamina propria	Cambridge Biorepository for Translational Medicine	10x 5' v2	snRNA-seq, CITE-seq	GSE299043_768B_001.CZI-IA13073099.v2.h5ad	https://ftp.ncbi.nlm.nih.gov/geo/series/GSE299nnn/GSE299043/suppl/GSE299043_768B_001.CZI-IA13073099.v2.h5ad	51147497
768B	UK	development	GSM9031849	001	CZI-IA13073100	v2	pooled:blood,jejunal epithelium,lung,spleen,bone marrow,mesenteric lymph node,thoracic lymph node,jejunum lamina propria	Cambridge Biorepository for Translational Medicine	10x 5' v2	snRNA-seq, CITE-seq	GSE299043_768B_001.CZI-IA13073100.v2.h5ad	https://ftp.ncbi.nlm.nih.gov/geo/series/GSE299nnn/GSE299043/suppl/GSE299043_768B_001.CZI-IA13073100.v2.h5ad	48032575
768B	UK	development	GSM9031850	001	CZI-IA13073101	v2	pooled:blood,jejunal epithelium,lung,spleen,bone marrow,mesenteric lymph node,thoracic lymph node,jejunum lamina propria	Cambridge Biorepository for Translational Medicine	10x 5' v2	snRNA-seq, CITE-seq	GSE299043_768B_001.CZI-IA13073101.v2.h5ad	https://ftp.ncbi.nlm.nih.gov/geo/series/GSE299nnn/GSE299043/suppl/GSE299043_768B_001.CZI-IA13073101.v2.h5ad	54756677
768B	UK	development	GSM9031851	001	CZI-IA13073102	v2	pooled:blood,jejunal epithelium,lung,spleen,bone marrow,mesenteric lymph node,thoracic lymph node,jejunum lamina propria	Cambridge Biorepository for Translational Medicine	10x 5' v2	snRNA-seq, CITE-seq	GSE299043_768B_001.CZI-IA13073102.v2.h5ad	https://ftp.ncbi.nlm.nih.gov/geo/series/GSE299nnn/GSE299043/suppl/GSE299043_768B_001.CZI-IA13073102.v2.h5ad	50487024
768B	UK	development	GSM9031852	001	CZI-IA13073103	v2	pooled:blood,jejunal epithelium,lung,spleen,bone marrow,mesenteric lymph node,thoracic lymph node,jejunum lamina propria	Cambridge Biorepository for Translational Medicine	10x 5' v2	snRNA-seq, CITE-seq	GSE299043_768B_001.CZI-IA13073103.v2.h5ad	https://ftp.ncbi.nlm.nih.gov/geo/series/GSE299nnn/GSE299043/suppl/GSE299043_768B_001.CZI-IA13073103.v2.h5ad	56556346
768B	UK	development	GSM9031853	001	CZI-IA13073104	v2	pooled:blood,jejunal epithelium,lung,spleen,bone marrow,mesenteric lymph node,thoracic lymph node,jejunum lamina propria	Cambridge Biorepository for Translational Medicine	10x 5' v2	snRNA-seq, CITE-seq	GSE299043_768B_001.CZI-IA13073104.v2.h5ad	https://ftp.ncbi.nlm.nih.gov/geo/series/GSE299nnn/GSE299043/suppl/GSE299043_768B_001.CZI-IA13073104.v2.h5ad	61477121
768B	UK	development	GSM9031854	001	CZI-IA13073105	v2	pooled:blood,jejunal epithelium,lung,spleen,bone marrow,mesenteric lymph node,thoracic lymph node,jejunum lamina propria	Cambridge Biorepository for Translational Medicine	10x 5' v2	snRNA-seq, CITE-seq	GSE299043_768B_001.CZI-IA13073105.v2.h5ad	https://ftp.ncbi.nlm.nih.gov/geo/series/GSE299nnn/GSE299043/suppl/GSE299043_768B_001.CZI-IA13073105.v2.h5ad	49695939
768B	UK	development	GSM9031855	001	CZI-IA13073106	v2	pooled:blood,jejunal epithelium,lung,spleen,bone marrow,mesenteric lymph node,thoracic lymph node,jejunum lamina propria	Cambridge Biorepository for Translational Medicine	10x 5' v2	snRNA-seq, CITE-seq	GSE299043_768B_001.CZI-IA13073106.v2.h5ad	https://ftp.ncbi.nlm.nih.gov/geo/series/GSE299nnn/GSE299043/suppl/GSE299043_768B_001.CZI-IA13073106.v2.h5ad	50162638
778C	UK	development	GSM9031882	001	CZI-IA13003101	v2	pooled:skin of body,mesenteric lymph node,jejunum lamina propria	Cambridge Biorepository for Translational Medicine	10x 5' v2	snRNA-seq, CITE-seq	GSE299043_778C_001.CZI-IA13003101.v2.h5ad	https://ftp.ncbi.nlm.nih.gov/geo/series/GSE299nnn/GSE299043/suppl/GSE299043_778C_001.CZI-IA13003101.v2.h5ad	18814562
778C	UK	development	GSM9031883	001	CZI-IA13003102	v2	pooled:skin of body,mesenteric lymph node,jejunum lamina propria	Cambridge Biorepository for Translational Medicine	10x 5' v2	snRNA-seq, CITE-seq	GSE299043_778C_001.CZI-IA13003102.v2.h5ad	https://ftp.ncbi.nlm.nih.gov/geo/series/GSE299nnn/GSE299043/suppl/GSE299043_778C_001.CZI-IA13003102.v2.h5ad	24579779
778C	UK	development	GSM9031887	001	CZI-IA13003106	v2	pooled:skin of body,mesenteric lymph node	Cambridge Biorepository for Translational Medicine	10x 5' v2	snRNA-seq, CITE-seq	GSE299043_778C_001.CZI-IA13003106.v2.h5ad	https://ftp.ncbi.nlm.nih.gov/geo/series/GSE299nnn/GSE299043/suppl/GSE299043_778C_001.CZI-IA13003106.v2.h5ad	37031309
