symbol	rna_row_1based	rna_feature_id	adt_row_1based	adt_feature_id
ABCB1	12513	ENSG00000085563	33597	CD243
ABCG2	7837	ENSG00000118777	33610	CD338
ADGRG1	26052	ENSG00000205336	33673	GPR56
ANPEP	24905	ENSG00000166825	33816	CD13
ANXA1	16190	ENSG00000135046	33621	Annexin.A1
B3GAT1	18884	ENSG00000109956	33775	CD57
BST2	30741	ENSG00000130303	33779	CD317
BTLA	6313	ENSG00000186265	33755	CD272
C5AR2	31512	ENSG00000134830	33577	C5L2
CCR10	27637	ENSG00000184451	33616	CCR10
CCR2	5819	ENSG00000121807	33729	CD192
CCR3	5817	ENSG00000183625	33612	CD193
CCR4	5670	ENSG00000183813	33737	CD194
CCR5	5821	ENSG00000160791	33726	CD195
CCR6	11741	ENSG00000112486	33690	CD196
CCR7	27522	ENSG00000126353	33691	CD197
CCR8	5726	ENSG00000179934	33736	CD198
CCR9	5813	ENSG00000173585	33732	CD199
CD101	1644	ENSG00000134256	33652	CD101
CD109	11097	ENSG00000156535	33815	CD109
CD14	9636	ENSG00000170458	33742	CD14
CD151	17030	ENSG00000177697	33601	CD151
CD163	20273	ENSG00000177575	33693	CD163
CD164	11284	ENSG00000135535	33617	CD164
CD177	31352	ENSG00000204936	33747	CD177
CD19	25674	ENSG00000177455	33711	CD19
CD1A	2098	ENSG00000158477	33708	CD1a
CD1C	2099	ENSG00000158481	33734	CD1c
CD1D	2096	ENSG00000158473	33604	CD1D
CD2	1641	ENSG00000116824	33798	CD2
CD200	6311	ENSG00000091972	33769	CD200
CD207	3852	ENSG00000116031	33555	CD207
CD209	30369	ENSG00000090659	33632	CD209
CD22	31045	ENSG00000012124	33784	CD22
CD226	29058	ENSG00000150637	33805	CD226
CD24	11261	ENSG00000272398	33757	CD24
CD244	2170	ENSG00000122223	33664	CD244
CD27	20214	ENSG00000139193	33549	CD27
CD274	15792	ENSG00000120217	33582	PDL1
CD276	24648	ENSG00000103855	33544	CD276
CD28	4993	ENSG00000178562	33669	CD28
CD33	31713	ENSG00000105383	33774	CD33
CD34	2697	ENSG00000174059	33605	CD34
CD36	12487	ENSG00000135218	33599	CD36
CD37	31609	ENSG00000104894	33739	CD37
CD38	7358	ENSG00000004468	33714	CD38
CD3D	18653	ENSG00000167286	33807	CD3
CD4	20240	ENSG00000010610	33778	CD4
CD40	29769	ENSG00000101017	33608	CD40
CD40LG	14226	ENSG00000102245	33579	CD154
CD44	17511	ENSG00000026508	33722	CD44
CD46	2695	ENSG00000117335	33795	CD46
CD47	6274	ENSG00000196776	33668	CD47
CD48	2167	ENSG00000117091	33657	CD48
CD5	17818	ENSG00000110448	33808	CD5
CD52	562	ENSG00000169442	33709	CD52
CD55	2688	ENSG00000196352	33727	CD55
CD58	1638	ENSG00000116815	33802	CD58
CD59	17491	ENSG00000085063	33772	CD59
CD63	20945	ENSG00000135404	33702	CD63
CD69	20324	ENSG00000110848	33686	CD69
CD7	28465	ENSG00000173762	33671	CD7
CD70	30327	ENSG00000125726	33556	CD70
CD72	16012	ENSG00000137101	33591	CD72
CD74	9817	ENSG00000019582	33738	CD74
CD79B	28086	ENSG00000007312	33666	CD79b
CD80	6375	ENSG00000121594	33583	CD80
CD81	17082	ENSG00000110651	33607	CD81
CD82	17561	ENSG00000085117	33645	CD82
CD83	10329	ENSG00000112149	33705	CD83
CD84	2164	ENSG00000066294	33672	CD84
CD86	6405	ENSG00000114013	33724	CD86
CD8A	4006	ENSG00000153563	33791	CD8
CD9	20208	ENSG00000010278	33710	CD9
CD93	29430	ENSG00000125810	33812	CD93
CD96	6297	ENSG00000153283	33762	CD96
CD99	13367	ENSG00000002586	33588	CD99
CDH1	26214	ENSG00000039068	33543	CD324
CDH11	26099	ENSG00000140937	33541	Cadherin11
CDH2	28756	ENSG00000170558	33625	CD325
CDH5	26107	ENSG00000179776	33662	CD144
CEACAM8	31337	ENSG00000124469	33615	CD66b
CLEC10A	26811	ENSG00000132514	33697	CD301
CLEC12A	20332	ENSG00000172322	33603	CLEC12A
CLEC1B	20333	ENSG00000165682	33647	CLEC1B
CLEC4C	20277	ENSG00000198178	33578	CD303
CLEC9A	20336	ENSG00000197992	33626	CD370
CR1	2691	ENSG00000203710	33681	CD35
CR2	2690	ENSG00000117322	33660	CD21
CRLF2	13352	ENSG00000205755	33575	TSLPR
CRTAM	18731	ENSG00000109943	33631	CD335
CSF1R	9810	ENSG00000182578	33627	CD115
CSF2RA	13353	ENSG00000198223	33598	CD116
CSF2RB	32678	ENSG00000100368	33572	CD131
CTLA4	4994	ENSG00000163599	33659	CTLA4
CX3CR1	5725	ENSG00000168329	33728	CX3CR1
CXCR3	13847	ENSG00000186810	33689	CD183
CXCR4	4528	ENSG00000121966	33562	CD184
CXCR5	18671	ENSG00000160683	33725	CD185
CXCR6	5815	ENSG00000172215	33730	CD186
DPP4	4654	ENSG00000197635	33651	CD26
EGFR	12326	ENSG00000146648	33646	EGFR
ENG	16679	ENSG00000106991	33595	CD105
ENPP3	11430	ENSG00000154269	33765	CD203c
ENTPD1	19710	ENSG00000138185	33638	CD39
EPCAM	3664	ENSG00000119888	33629	CD326
ERBB2	27493	ENSG00000141736	33580	CD340
F11R	2175	ENSG00000158769	33768	CD321
F3	1395	ENSG00000117525	33767	CD142
FAP	4659	ENSG00000078098	33539	FAP
FAS	19633	ENSG00000026103	33677	CD95
FASLG	2333	ENSG00000117560	33764	CD178
FCER1A	2124	ENSG00000179639	33643	FCER1A
FCER2	30367	ENSG00000104921	33682	CD23
FCGR1A	1775	ENSG00000150337	33552	CD64
FCGR2A	2204	ENSG00000143226	33687	CD32
FCGR3A	2206	ENSG00000203747	33593	CD16
FCRL3	2089	ENSG00000160856	33701	CD307c
FCRL4	2088	ENSG00000163518	33594	CD307d
FCRL5	2087	ENSG00000143297	33602	CD307e
FLT4	10149	ENSG00000037280	33630	VEGFR3
FOLR2	18207	ENSG00000165457	33628	FOLR2
FUT4	18432	ENSG00000196371	33814	CD15
GP1BA	26750	ENSG00000185245	33712	CD42b
GYPA	8184	ENSG00000170180	33546	CD235a
HAVCR1	9873	ENSG00000113249	33574	CD365
HAVCR2	9874	ENSG00000135077	33684	CD366
HLA-E	10565	ENSG00000204592	33590	HLA-E
ICAM1	30459	ENSG00000090339	33703	CD54
ICAM2	28091	ENSG00000108622	33667	CD102
ICOS	4995	ENSG00000163600	33665	ICOS
ICOSLG	33407	ENSG00000160223	33633	ICOSLG
IFNGR1	11497	ENSG00000027697	33695	CD119
IGHD	23767	ENSG00000211898	33720	IgD
IGHE	23758	ENSG00000211891	33748	IgE
IGHG1	23765	ENSG00000211896	33740	IgG.Fc
IGHM	23768	ENSG00000211899	33751	IgM
IGKC	4027	ENSG00000211592	33749	IGKC
IGLL1	32417	ENSG00000128322	33750	IGLL1
IL18R1	4231	ENSG00000115604	33699	CD218a
IL2RA	18967	ENSG00000134460	33654	CD25
IL2RB	32686	ENSG00000100385	33803	CD122
IL3RA	13354	ENSG00000185291	33619	CD123
IL4R	25636	ENSG00000077238	33692	CD124
IL6R	1971	ENSG00000160712	33810	CD126
IL6ST	8921	ENSG00000134352	33584	GP130
IL7R	8783	ENSG00000168685	33637	CD127
ITGA1	8889	ENSG00000213949	33801	CD49a
ITGA2	8892	ENSG00000164171	33770	CD49b
ITGA2B	27711	ENSG00000005961	33713	CD41
ITGA4	4830	ENSG00000115232	33634	CD49d
ITGA6	4730	ENSG00000091409	33696	CD49f
ITGAE	26708	ENSG00000083457	33656	CD103
ITGAL	25750	ENSG00000005844	33800	CD11a
ITGAM	25807	ENSG00000169896	33721	CD11b
ITGAX	25808	ENSG00000140678	33785	CD11c
ITGB1	19176	ENSG00000150093	33799	CD29
ITGB2	33448	ENSG00000160255	33797	CD18
ITGB3	27782	ENSG00000259207	33811	CD61
ITGB7	20852	ENSG00000139626	33685	ITGB7
KDR	7584	ENSG00000128052	33624	CD309
KIR3DL1	31864	ENSG00000167633	33680	CD158e1
KIR3DL2	31865	ENSG00000240403	33716	CD158
KIT	7579	ENSG00000157404	33553	CD117
KLRB1	20319	ENSG00000111796	33715	CD161
KLRD1	20343	ENSG00000134539	33678	CD94
KLRF1	20325	ENSG00000150045	33609	NKp80
KLRG1	20311	ENSG00000139187	33790	KLRG1
KLRK1	20347	ENSG00000213809	33573	CD314
L1CAM	14355	ENSG00000198910	33733	CD171
LAG3	20239	ENSG00000089692	33559	CD223
LAIR1	31843	ENSG00000167613	33763	CD305
LAMP1	22525	ENSG00000185896	33700	CD107a
LGALS3	23113	ENSG00000131981	33741	Mac2
LGALS9	27174	ENSG00000168961	33636	Galectin9
LILRA4	31842	ENSG00000239961	33568	CD85g
LILRB1	31857	ENSG00000104972	33694	CD85j
LRRC15	7082	ENSG00000172061	33540	LRRC15
LRRC32	18295	ENSG00000137507	33622	GARP
LTBR	20212	ENSG00000111321	33586	LTBR
LY75	4641	ENSG00000054219	33706	CD205
MCAM	18697	ENSG00000076706	33771	CD146
MERTK	4332	ENSG00000153208	33606	MERTK
MME	6736	ENSG00000196549	33707	CD10
MPL	886	ENSG00000117400	33788	CD110
MRC1	19074	ENSG00000260314	33563	CD206
MS4A1	17796	ENSG00000156738	33585	CD20
MSR1	14593	ENSG00000038945	33623	CD204
NCAM1	18577	ENSG00000149294	33600	CD56
NCR3	10624	ENSG00000204475	33773	CD337
NECTIN2	31413	ENSG00000130202	33806	CD112
NGFR	27859	ENSG00000064300	33745	CD271
NOTCH1	16888	ENSG00000148400	33752	NOTCH1
NOTCH3	30658	ENSG00000074181	33753	NOTCH3
NRP1	19179	ENSG00000099250	33561	CD304
NT5E	11160	ENSG00000135318	33642	CD73
OLR1	20339	ENSG00000173391	33565	LOX1
PDCD1	5433	ENSG00000188389	33683	PD1
PDCD1LG2	15793	ENSG00000197646	33581	CD273
PDGFRA	7574	ENSG00000134853	33567	CD140a
PDGFRB	9811	ENSG00000113721	33569	CD140b
PDPN	314	ENSG00000162493	33761	PDPN
PECAM1	28095	ENSG00000261371	33817	CD31
PRNP	29260	ENSG00000171867	33592	CD230
PROCR	29581	ENSG00000101000	33776	CD201
PROM1	7361	ENSG00000007062	33787	CD133
PTGDR2	17807	ENSG00000183134	33658	CD294
PVR	31406	ENSG00000073008	33792	CD155
SDC1	3362	ENSG00000115884	33675	CD138
SELE	2301	ENSG00000007908	33704	CD62E
SELL	2300	ENSG00000188404	33676	CD62L
SELP	2298	ENSG00000174175	33644	CD62P
SELPLG	21481	ENSG00000110876	33731	CD162
SIGLEC1	29241	ENSG00000088827	33620	CD169
SIGLEC7	31711	ENSG00000168995	33614	CD328
SIRPA	29203	ENSG00000198053	33564	CD172a
SLAMF1	2165	ENSG00000117090	33639	CD150
SLAMF6	2162	ENSG00000162739	33766	CD352
SLAMF7	2168	ENSG00000026751	33566	CD319
SLC3A2	17900	ENSG00000168003	33746	CD98
SPN	25693	ENSG00000197471	33670	CD43
TEK	15919	ENSG00000120156	33587	CD202b
TFRC	7111	ENSG00000072274	33674	CD71
THBD	29429	ENSG00000178726	33743	CD141
THY1	18705	ENSG00000154096	33611	CD90
TIGIT	6344	ENSG00000181847	33640	TIGIT
TIMD4	9872	ENSG00000145850	33635	TIM4
TLR4	16563	ENSG00000136869	33718	CD284
TNF	10621	ENSG00000232810	33744	TNFalpha
TNFRSF13B	27039	ENSG00000240505	33571	CD267
TNFRSF13C	32822	ENSG00000159958	33557	CD268
TNFRSF14	103	ENSG00000157873	33560	CD270
TNFRSF17	25426	ENSG00000048462	33570	BCMA
TNFRSF18	38	ENSG00000186891	33554	CD357
TNFRSF4	39	ENSG00000186827	33655	CD134
TNFRSF8	274	ENSG00000120949	33663	CD30
TNFRSF9	190	ENSG00000049249	33596	CD137
TNFSF10	6864	ENSG00000121858	33777	CD253
TNFSF11	22101	ENSG00000120659	33754	CD254
TNFSF13B	22462	ENSG00000102524	33576	BAFF
TNFSF4	2338	ENSG00000117586	33558	CD252
TNFSF9	30326	ENSG00000125657	33613	CD137L
TPSAB1	25150	ENSG00000172236	33641	mast.cell.tryptase
TREM1	10845	ENSG00000124731	33796	CD354
TSPAN33	12926	ENSG00000158457	33789	TSPAN33
VCAM1	1446	ENSG00000162692	33793	CD106
VPREB1	32328	ENSG00000169575	33717	CD179a
VTCN1	1648	ENSG00000134258	33756	B7-H4
XCR1	5816	ENSG00000173578	33786	XCR1
