scRNASeq_sample_ID,CellType,CellType_Count,TotalPBMC_Count,Percentage
G05061-Ja005E-PBCa,B,376,6045,6.22
G05061-Ja005E-PBCa,ERYTH,1,6045,0.017
G05061-Ja005E-PBCa,HSC,4,6045,0.066
G05061-Ja005E-PBCa,MNP,1323,6045,21.886
G05061-Ja005E-PBCa,MNP|PLT,41,6045,0.678
G05061-Ja005E-PBCa,NK,1091,6045,18.048
G05061-Ja005E-PBCa,PB,19,6045,0.314
G05061-Ja005E-PBCa,PLT,10,6045,0.165
G05061-Ja005E-PBCa,T,3180,6045,52.605
G05064-Ja005E-PBCa,B,303,9003,3.366
G05064-Ja005E-PBCa,ERYTH,0,9003,0
G05064-Ja005E-PBCa,HSC,2,9003,0.022
G05064-Ja005E-PBCa,MNP,1761,9003,19.56
G05064-Ja005E-PBCa,MNP|PLT,48,9003,0.533
G05064-Ja005E-PBCa,NK,668,9003,7.42
G05064-Ja005E-PBCa,PB,40,9003,0.444
G05064-Ja005E-PBCa,PLT,0,9003,0
G05064-Ja005E-PBCa,T,6181,9003,68.655
G05073-Ja005E-PBCa,B,419,8327,5.032
G05073-Ja005E-PBCa,ERYTH,0,8327,0
G05073-Ja005E-PBCa,HSC,2,8327,0.024
G05073-Ja005E-PBCa,MNP,1658,8327,19.911
G05073-Ja005E-PBCa,MNP|PLT,19,8327,0.228
G05073-Ja005E-PBCa,NK,311,8327,3.735
G05073-Ja005E-PBCa,PB,17,8327,0.204
G05073-Ja005E-PBCa,PLT,4,8327,0.048
G05073-Ja005E-PBCa,T,5897,8327,70.818
G05077-Ja005E-PBCa,B,306,5385,5.682
G05077-Ja005E-PBCa,ERYTH,1,5385,0.019
G05077-Ja005E-PBCa,HSC,10,5385,0.186
G05077-Ja005E-PBCa,MNP,1236,5385,22.953
G05077-Ja005E-PBCa,MNP|PLT,22,5385,0.409
G05077-Ja005E-PBCa,NK,1227,5385,22.786
G05077-Ja005E-PBCa,PB,58,5385,1.077
G05077-Ja005E-PBCa,PLT,4,5385,0.074
G05077-Ja005E-PBCa,T,2521,5385,46.815
G05078-Ja005E-PBCa,B,125,9452,1.322
G05078-Ja005E-PBCa,ERYTH,0,9452,0
G05078-Ja005E-PBCa,HSC,22,9452,0.233
G05078-Ja005E-PBCa,MNP,2511,9452,26.566
G05078-Ja005E-PBCa,MNP|PLT,21,9452,0.222
G05078-Ja005E-PBCa,NK,1007,9452,10.654
G05078-Ja005E-PBCa,PB,14,9452,0.148
G05078-Ja005E-PBCa,PLT,2,9452,0.021
G05078-Ja005E-PBCa,T,5750,9452,60.834
G05097-Ja005E-PBCa,B,658,8125,8.098
G05097-Ja005E-PBCa,ERYTH,1,8125,0.012
G05097-Ja005E-PBCa,HSC,10,8125,0.123
G05097-Ja005E-PBCa,MNP,2065,8125,25.415
G05097-Ja005E-PBCa,MNP|PLT,46,8125,0.566
G05097-Ja005E-PBCa,NK,568,8125,6.991
G05097-Ja005E-PBCa,PB,30,8125,0.369
G05097-Ja005E-PBCa,PLT,0,8125,0
G05097-Ja005E-PBCa,T,4747,8125,58.425
G05105-Ja005E-PBCa,B,297,6061,4.9
G05105-Ja005E-PBCa,ERYTH,0,6061,0
G05105-Ja005E-PBCa,HSC,11,6061,0.181
G05105-Ja005E-PBCa,MNP,1746,6061,28.807
G05105-Ja005E-PBCa,MNP|PLT,21,6061,0.346
G05105-Ja005E-PBCa,NK,347,6061,5.725
G05105-Ja005E-PBCa,PB,22,6061,0.363
G05105-Ja005E-PBCa,PLT,0,6061,0
G05105-Ja005E-PBCa,T,3617,6061,59.677
G05112-Ja005E-PBCa,B,492,4436,11.091
G05112-Ja005E-PBCa,ERYTH,0,4436,0
G05112-Ja005E-PBCa,HSC,0,4436,0
G05112-Ja005E-PBCa,MNP,1551,4436,34.964
G05112-Ja005E-PBCa,MNP|PLT,8,4436,0.18
G05112-Ja005E-PBCa,NK,144,4436,3.246
G05112-Ja005E-PBCa,PB,21,4436,0.473
G05112-Ja005E-PBCa,PLT,0,4436,0
G05112-Ja005E-PBCa,T,2220,4436,50.045
G05145-Ja005E-PBCa,B,411,5945,6.913
G05145-Ja005E-PBCa,ERYTH,0,5945,0
G05145-Ja005E-PBCa,HSC,6,5945,0.101
G05145-Ja005E-PBCa,MNP,1516,5945,25.5
G05145-Ja005E-PBCa,MNP|PLT,12,5945,0.202
G05145-Ja005E-PBCa,NK,423,5945,7.115
G05145-Ja005E-PBCa,PB,28,5945,0.471
G05145-Ja005E-PBCa,PLT,2,5945,0.034
G05145-Ja005E-PBCa,T,3547,5945,59.664
G05153-Ja005E-PBCa,B,284,8160,3.48
G05153-Ja005E-PBCa,ERYTH,0,8160,0
G05153-Ja005E-PBCa,HSC,8,8160,0.098
G05153-Ja005E-PBCa,MNP,1848,8160,22.647
G05153-Ja005E-PBCa,MNP|PLT,43,8160,0.527
G05153-Ja005E-PBCa,NK,392,8160,4.804
G05153-Ja005E-PBCa,PB,30,8160,0.368
G05153-Ja005E-PBCa,PLT,0,8160,0
G05153-Ja005E-PBCa,T,5555,8160,68.076
G05164-Ja005E-PBCa,B,175,6673,2.623
G05164-Ja005E-PBCa,ERYTH,0,6673,0
G05164-Ja005E-PBCa,HSC,8,6673,0.12
G05164-Ja005E-PBCa,MNP,1357,6673,20.336
G05164-Ja005E-PBCa,MNP|PLT,31,6673,0.465
G05164-Ja005E-PBCa,NK,877,6673,13.143
G05164-Ja005E-PBCa,PB,18,6673,0.27
G05164-Ja005E-PBCa,PLT,0,6673,0
G05164-Ja005E-PBCa,T,4207,6673,63.045
G05171-Ja005E-PBCa,B,395,6991,5.65
G05171-Ja005E-PBCa,ERYTH,0,6991,0
G05171-Ja005E-PBCa,HSC,10,6991,0.143
G05171-Ja005E-PBCa,MNP,1095,6991,15.663
G05171-Ja005E-PBCa,MNP|PLT,22,6991,0.315
G05171-Ja005E-PBCa,NK,798,6991,11.415
G05171-Ja005E-PBCa,PB,25,6991,0.358
G05171-Ja005E-PBCa,PLT,0,6991,0
G05171-Ja005E-PBCa,T,4646,6991,66.457
H00049-Ha001E-PBGa,B,347,8706,3.986
H00049-Ha001E-PBGa,ERYTH,0,8706,0
H00049-Ha001E-PBGa,HSC,17,8706,0.195
H00049-Ha001E-PBGa,MNP,1914,8706,21.985
H00049-Ha001E-PBGa,MNP|PLT,17,8706,0.195
H00049-Ha001E-PBGa,NK,1387,8706,15.932
H00049-Ha001E-PBGa,PB,13,8706,0.149
H00049-Ha001E-PBGa,PLT,0,8706,0
H00049-Ha001E-PBGa,T,5011,8706,57.558
H00052-Ha001E-PBGa,B,160,7551,2.119
H00052-Ha001E-PBGa,ERYTH,0,7551,0
H00052-Ha001E-PBGa,HSC,15,7551,0.199
H00052-Ha001E-PBGa,MNP,1838,7551,24.341
H00052-Ha001E-PBGa,MNP|PLT,17,7551,0.225
H00052-Ha001E-PBGa,NK,1869,7551,24.752
H00052-Ha001E-PBGa,PB,18,7551,0.238
H00052-Ha001E-PBGa,PLT,0,7551,0
H00052-Ha001E-PBGa,T,3634,7551,48.126
H00053-Ha001E-PBGa,B,282,10494,2.687
H00053-Ha001E-PBGa,ERYTH,0,10494,0
H00053-Ha001E-PBGa,HSC,21,10494,0.2
H00053-Ha001E-PBGa,MNP,1944,10494,18.525
H00053-Ha001E-PBGa,MNP|PLT,43,10494,0.41
H00053-Ha001E-PBGa,NK,1992,10494,18.982
H00053-Ha001E-PBGa,PB,18,10494,0.172
H00053-Ha001E-PBGa,PLT,3,10494,0.029
H00053-Ha001E-PBGa,T,6191,10494,58.996
H00054-Ha001E-PBGa,B,493,11038,4.466
H00054-Ha001E-PBGa,ERYTH,0,11038,0
H00054-Ha001E-PBGa,HSC,8,11038,0.072
H00054-Ha001E-PBGa,MNP,2880,11038,26.092
H00054-Ha001E-PBGa,MNP|PLT,131,11038,1.187
H00054-Ha001E-PBGa,NK,1798,11038,16.289
H00054-Ha001E-PBGa,PB,18,11038,0.163
H00054-Ha001E-PBGa,PLT,6,11038,0.054
H00054-Ha001E-PBGa,T,5704,11038,51.676
H00058-Ha001E-PBGa,B,450,8442,5.33
H00058-Ha001E-PBGa,ERYTH,0,8442,0
H00058-Ha001E-PBGa,HSC,5,8442,0.059
H00058-Ha001E-PBGa,MNP,1722,8442,20.398
H00058-Ha001E-PBGa,MNP|PLT,37,8442,0.438
H00058-Ha001E-PBGa,NK,872,8442,10.329
H00058-Ha001E-PBGa,PB,29,8442,0.344
H00058-Ha001E-PBGa,PLT,2,8442,0.024
H00058-Ha001E-PBGa,T,5325,8442,63.077
H00064-Ha001E-PBGa,B,217,7562,2.87
H00064-Ha001E-PBGa,ERYTH,1,7562,0.013
H00064-Ha001E-PBGa,HSC,5,7562,0.066
H00064-Ha001E-PBGa,MNP,2174,7562,28.749
H00064-Ha001E-PBGa,MNP|PLT,47,7562,0.622
H00064-Ha001E-PBGa,NK,788,7562,10.421
H00064-Ha001E-PBGa,PB,27,7562,0.357
H00064-Ha001E-PBGa,PLT,3,7562,0.04
H00064-Ha001E-PBGa,T,4300,7562,56.863
H00067-Ha001E-PBGa,B,493,10833,4.551
H00067-Ha001E-PBGa,ERYTH,0,10833,0
H00067-Ha001E-PBGa,HSC,8,10833,0.074
H00067-Ha001E-PBGa,MNP,2597,10833,23.973
H00067-Ha001E-PBGa,MNP|PLT,62,10833,0.572
H00067-Ha001E-PBGa,NK,594,10833,5.483
H00067-Ha001E-PBGa,PB,28,10833,0.258
H00067-Ha001E-PBGa,PLT,2,10833,0.018
H00067-Ha001E-PBGa,T,7049,10833,65.07
H00070-Ha001E-PBGa,B,172,8055,2.135
H00070-Ha001E-PBGa,ERYTH,0,8055,0
H00070-Ha001E-PBGa,HSC,9,8055,0.112
H00070-Ha001E-PBGa,MNP,2510,8055,31.161
H00070-Ha001E-PBGa,MNP|PLT,25,8055,0.31
H00070-Ha001E-PBGa,NK,790,8055,9.808
H00070-Ha001E-PBGa,PB,12,8055,0.149
H00070-Ha001E-PBGa,PLT,0,8055,0
H00070-Ha001E-PBGa,T,4537,8055,56.325
H00072-Ha001E-PBGa,B,306,9133,3.35
H00072-Ha001E-PBGa,ERYTH,1,9133,0.011
H00072-Ha001E-PBGa,HSC,7,9133,0.077
H00072-Ha001E-PBGa,MNP,2571,9133,28.151
H00072-Ha001E-PBGa,MNP|PLT,63,9133,0.69
H00072-Ha001E-PBGa,NK,1134,9133,12.417
H00072-Ha001E-PBGa,PB,24,9133,0.263
H00072-Ha001E-PBGa,PLT,7,9133,0.077
H00072-Ha001E-PBGa,T,5020,9133,54.966
H00085-Ha001E-PBGa,B,300,5748,5.219
H00085-Ha001E-PBGa,ERYTH,1,5748,0.017
H00085-Ha001E-PBGa,HSC,2,5748,0.035
H00085-Ha001E-PBGa,MNP,759,5748,13.205
H00085-Ha001E-PBGa,MNP|PLT,12,5748,0.209
H00085-Ha001E-PBGa,NK,593,5748,10.317
H00085-Ha001E-PBGa,PB,10,5748,0.174
H00085-Ha001E-PBGa,PLT,0,5748,0
H00085-Ha001E-PBGa,T,4071,5748,70.825
N00006-Ja003E-PBGa,B,70,6044,1.158
N00006-Ja003E-PBGa,ERYTH,1,6044,0.017
N00006-Ja003E-PBGa,HSC,7,6044,0.116
N00006-Ja003E-PBGa,MNP,1607,6044,26.588
N00006-Ja003E-PBGa,MNP|PLT,76,6044,1.257
N00006-Ja003E-PBGa,NK,404,6044,6.684
N00006-Ja003E-PBGa,PB,23,6044,0.381
N00006-Ja003E-PBGa,PLT,7,6044,0.116
N00006-Ja003E-PBGa,T,3849,6044,63.683
N00007-Ja003E-PBGa,B,540,6092,8.864
N00007-Ja003E-PBGa,ERYTH,42,6092,0.689
N00007-Ja003E-PBGa,HSC,74,6092,1.215
N00007-Ja003E-PBGa,MNP,1896,6092,31.123
N00007-Ja003E-PBGa,MNP|PLT,21,6092,0.345
N00007-Ja003E-PBGa,NK,534,6092,8.766
N00007-Ja003E-PBGa,PB,33,6092,0.542
N00007-Ja003E-PBGa,PLT,7,6092,0.115
N00007-Ja003E-PBGa,T,2945,6092,48.342
N00012-Ja003E-PBGa,B,60,3220,1.863
N00012-Ja003E-PBGa,ERYTH,3,3220,0.093
N00012-Ja003E-PBGa,HSC,10,3220,0.311
N00012-Ja003E-PBGa,MNP,1184,3220,36.77
N00012-Ja003E-PBGa,MNP|PLT,17,3220,0.528
N00012-Ja003E-PBGa,NK,62,3220,1.925
N00012-Ja003E-PBGa,PB,38,3220,1.18
N00012-Ja003E-PBGa,PLT,15,3220,0.466
N00012-Ja003E-PBGa,T,1831,3220,56.863
N00017-Ja003E-PBGa,B,89,2158,4.124
N00017-Ja003E-PBGa,ERYTH,20,2158,0.927
N00017-Ja003E-PBGa,HSC,48,2158,2.224
N00017-Ja003E-PBGa,MNP,1413,2158,65.477
N00017-Ja003E-PBGa,MNP|PLT,3,2158,0.139
N00017-Ja003E-PBGa,NK,99,2158,4.588
N00017-Ja003E-PBGa,PB,59,2158,2.734
N00017-Ja003E-PBGa,PLT,48,2158,2.224
N00017-Ja003E-PBGa,T,379,2158,17.563
N00021-Ja001E-PBGa,B,789,6924,11.395
N00021-Ja001E-PBGa,ERYTH,3,6924,0.043
N00021-Ja001E-PBGa,HSC,24,6924,0.347
N00021-Ja001E-PBGa,MNP,1311,6924,18.934
N00021-Ja001E-PBGa,MNP|PLT,37,6924,0.534
N00021-Ja001E-PBGa,NK,473,6924,6.831
N00021-Ja001E-PBGa,PB,18,6924,0.26
N00021-Ja001E-PBGa,PLT,0,6924,0
N00021-Ja001E-PBGa,T,4269,6924,61.655
N00024-Ja001E-PBGa,B,99,9869,1.003
N00024-Ja001E-PBGa,ERYTH,0,9869,0
N00024-Ja001E-PBGa,HSC,40,9869,0.405
N00024-Ja001E-PBGa,MNP,3872,9869,39.234
N00024-Ja001E-PBGa,MNP|PLT,43,9869,0.436
N00024-Ja001E-PBGa,NK,138,9869,1.398
N00024-Ja001E-PBGa,PB,4,9869,0.041
N00024-Ja001E-PBGa,PLT,3,9869,0.03
N00024-Ja001E-PBGa,T,5670,9869,57.453
N00025-Ja001E-PBGa,B,38,3769,1.008
N00025-Ja001E-PBGa,ERYTH,1,3769,0.027
N00025-Ja001E-PBGa,HSC,11,3769,0.292
N00025-Ja001E-PBGa,MNP,1808,3769,47.97
N00025-Ja001E-PBGa,MNP|PLT,34,3769,0.902
N00025-Ja001E-PBGa,NK,1173,3769,31.122
N00025-Ja001E-PBGa,PB,4,3769,0.106
N00025-Ja001E-PBGa,PLT,12,3769,0.318
N00025-Ja001E-PBGa,T,688,3769,18.254
N00028-Ja001E-PBGa,B,691,7762,8.902
N00028-Ja001E-PBGa,ERYTH,1,7762,0.013
N00028-Ja001E-PBGa,HSC,15,7762,0.193
N00028-Ja001E-PBGa,MNP,3762,7762,48.467
N00028-Ja001E-PBGa,MNP|PLT,32,7762,0.412
N00028-Ja001E-PBGa,NK,448,7762,5.772
N00028-Ja001E-PBGa,PB,28,7762,0.361
N00028-Ja001E-PBGa,PLT,8,7762,0.103
N00028-Ja001E-PBGa,T,2777,7762,35.777
N00032-Ja001E-PBGa,B,1085,10386,10.447
N00032-Ja001E-PBGa,ERYTH,1,10386,0.01
N00032-Ja001E-PBGa,HSC,3,10386,0.029
N00032-Ja001E-PBGa,MNP,3871,10386,37.271
N00032-Ja001E-PBGa,MNP|PLT,41,10386,0.395
N00032-Ja001E-PBGa,NK,323,10386,3.11
N00032-Ja001E-PBGa,PB,35,10386,0.337
N00032-Ja001E-PBGa,PLT,9,10386,0.087
N00032-Ja001E-PBGa,T,5018,10386,48.315
N00033-Ja001E-PBGa,B,325,9579,3.393
N00033-Ja001E-PBGa,ERYTH,1,9579,0.01
N00033-Ja001E-PBGa,HSC,6,9579,0.063
N00033-Ja001E-PBGa,MNP,5516,9579,57.584
N00033-Ja001E-PBGa,MNP|PLT,80,9579,0.835
N00033-Ja001E-PBGa,NK,323,9579,3.372
N00033-Ja001E-PBGa,PB,12,9579,0.125
N00033-Ja001E-PBGa,PLT,2,9579,0.021
N00033-Ja001E-PBGa,T,3314,9579,34.597
N00038-Ja001E-PBGa,B,114,7277,1.567
N00038-Ja001E-PBGa,ERYTH,0,7277,0
N00038-Ja001E-PBGa,HSC,11,7277,0.151
N00038-Ja001E-PBGa,MNP,1908,7277,26.22
N00038-Ja001E-PBGa,MNP|PLT,9,7277,0.124
N00038-Ja001E-PBGa,NK,727,7277,9.99
N00038-Ja001E-PBGa,PB,7,7277,0.096
N00038-Ja001E-PBGa,PLT,72,7277,0.989
N00038-Ja001E-PBGa,T,4429,7277,60.863
N00040-Ja001E-PBGa,B,0,6182,0
N00040-Ja001E-PBGa,ERYTH,2,6182,0.032
N00040-Ja001E-PBGa,HSC,21,6182,0.34
N00040-Ja001E-PBGa,MNP,5361,6182,86.72
N00040-Ja001E-PBGa,MNP|PLT,141,6182,2.281
N00040-Ja001E-PBGa,NK,112,6182,1.812
N00040-Ja001E-PBGa,PB,2,6182,0.032
N00040-Ja001E-PBGa,PLT,0,6182,0
N00040-Ja001E-PBGa,T,543,6182,8.784
N00047-Ja005E-PBGa,B,10,4105,0.244
N00047-Ja005E-PBGa,ERYTH,2,4105,0.049
N00047-Ja005E-PBGa,HSC,65,4105,1.583
N00047-Ja005E-PBGa,MNP,1986,4105,48.38
N00047-Ja005E-PBGa,MNP|PLT,28,4105,0.682
N00047-Ja005E-PBGa,NK,148,4105,3.605
N00047-Ja005E-PBGa,PB,66,4105,1.608
N00047-Ja005E-PBGa,PLT,8,4105,0.195
N00047-Ja005E-PBGa,T,1792,4105,43.654
N00049-Ja005E-PBGa,B,53,3700,1.432
N00049-Ja005E-PBGa,ERYTH,2,3700,0.054
N00049-Ja005E-PBGa,HSC,5,3700,0.135
N00049-Ja005E-PBGa,MNP,1189,3700,32.135
N00049-Ja005E-PBGa,MNP|PLT,24,3700,0.649
N00049-Ja005E-PBGa,NK,714,3700,19.297
N00049-Ja005E-PBGa,PB,11,3700,0.297
N00049-Ja005E-PBGa,PLT,10,3700,0.27
N00049-Ja005E-PBGa,T,1692,3700,45.73
N00050-Ja001E-PBGa,B,57,1745,3.266
N00050-Ja001E-PBGa,ERYTH,0,1745,0
N00050-Ja001E-PBGa,HSC,19,1745,1.089
N00050-Ja001E-PBGa,MNP,637,1745,36.504
N00050-Ja001E-PBGa,MNP|PLT,3,1745,0.172
N00050-Ja001E-PBGa,NK,106,1745,6.074
N00050-Ja001E-PBGa,PB,139,1745,7.966
N00050-Ja001E-PBGa,PLT,6,1745,0.344
N00050-Ja001E-PBGa,T,778,1745,44.585
S00002-Ja001E-PBCa,B,204,3083,6.617
S00002-Ja001E-PBCa,ERYTH,0,3083,0
S00002-Ja001E-PBCa,HSC,8,3083,0.259
S00002-Ja001E-PBCa,MNP,1266,3083,41.064
S00002-Ja001E-PBCa,MNP|PLT,1,3083,0.032
S00002-Ja001E-PBCa,NK,135,3083,4.379
S00002-Ja001E-PBCa,PB,12,3083,0.389
S00002-Ja001E-PBCa,PLT,0,3083,0
S00002-Ja001E-PBCa,T,1457,3083,47.259
S00005-Ja005E-PBCa,B,291,9004,3.232
S00005-Ja005E-PBCa,ERYTH,0,9004,0
S00005-Ja005E-PBCa,HSC,9,9004,0.1
S00005-Ja005E-PBCa,MNP,307,9004,3.41
S00005-Ja005E-PBCa,MNP|PLT,9,9004,0.1
S00005-Ja005E-PBCa,NK,414,9004,4.598
S00005-Ja005E-PBCa,PB,165,9004,1.833
S00005-Ja005E-PBCa,PLT,40,9004,0.444
S00005-Ja005E-PBCa,T,7769,9004,86.284
S00006-Ja005E-PBCa,B,755,7097,10.638
S00006-Ja005E-PBCa,ERYTH,0,7097,0
S00006-Ja005E-PBCa,HSC,7,7097,0.099
S00006-Ja005E-PBCa,MNP,2028,7097,28.575
S00006-Ja005E-PBCa,MNP|PLT,76,7097,1.071
S00006-Ja005E-PBCa,NK,880,7097,12.4
S00006-Ja005E-PBCa,PB,38,7097,0.535
S00006-Ja005E-PBCa,PLT,5,7097,0.07
S00006-Ja005E-PBCa,T,3308,7097,46.611
S00007-Ja003E-PBCa,B,358,3474,10.305
S00007-Ja003E-PBCa,ERYTH,31,3474,0.892
S00007-Ja003E-PBCa,HSC,20,3474,0.576
S00007-Ja003E-PBCa,MNP,901,3474,25.936
S00007-Ja003E-PBCa,MNP|PLT,20,3474,0.576
S00007-Ja003E-PBCa,NK,174,3474,5.009
S00007-Ja003E-PBCa,PB,15,3474,0.432
S00007-Ja003E-PBCa,PLT,10,3474,0.288
S00007-Ja003E-PBCa,T,1945,3474,55.987
S00008-Ja003E-PBCa,B,97,1600,6.062
S00008-Ja003E-PBCa,ERYTH,0,1600,0
S00008-Ja003E-PBCa,HSC,24,1600,1.5
S00008-Ja003E-PBCa,MNP,369,1600,23.062
S00008-Ja003E-PBCa,MNP|PLT,1,1600,0.062
S00008-Ja003E-PBCa,NK,44,1600,2.75
S00008-Ja003E-PBCa,PB,12,1600,0.75
S00008-Ja003E-PBCa,PLT,5,1600,0.312
S00008-Ja003E-PBCa,T,1048,1600,65.5
S00016-Ja001E-PBCa,B,103,5713,1.803
S00016-Ja001E-PBCa,ERYTH,0,5713,0
S00016-Ja001E-PBCa,HSC,1,5713,0.018
S00016-Ja001E-PBCa,MNP,955,5713,16.716
S00016-Ja001E-PBCa,MNP|PLT,22,5713,0.385
S00016-Ja001E-PBCa,NK,1282,5713,22.44
S00016-Ja001E-PBCa,PB,17,5713,0.298
S00016-Ja001E-PBCa,PLT,2,5713,0.035
S00016-Ja001E-PBCa,T,3331,5713,58.306
S00020-Ja003E-PBCa,B,217,3353,6.472
S00020-Ja003E-PBCa,ERYTH,0,3353,0
S00020-Ja003E-PBCa,HSC,27,3353,0.805
S00020-Ja003E-PBCa,MNP,395,3353,11.78
S00020-Ja003E-PBCa,MNP|PLT,6,3353,0.179
S00020-Ja003E-PBCa,NK,293,3353,8.738
S00020-Ja003E-PBCa,PB,28,3353,0.835
S00020-Ja003E-PBCa,PLT,24,3353,0.716
S00020-Ja003E-PBCa,T,2363,3353,70.474
S00024-Ja003E-PBCa,B,119,4176,2.85
S00024-Ja003E-PBCa,ERYTH,0,4176,0
S00024-Ja003E-PBCa,HSC,29,4176,0.694
S00024-Ja003E-PBCa,MNP,1560,4176,37.356
S00024-Ja003E-PBCa,MNP|PLT,8,4176,0.192
S00024-Ja003E-PBCa,NK,856,4176,20.498
S00024-Ja003E-PBCa,PB,173,4176,4.143
S00024-Ja003E-PBCa,PLT,14,4176,0.335
S00024-Ja003E-PBCa,T,1417,4176,33.932
S00027-Ja003E-PBCa,B,856,2850,30.035
S00027-Ja003E-PBCa,ERYTH,2,2850,0.07
S00027-Ja003E-PBCa,HSC,22,2850,0.772
S00027-Ja003E-PBCa,MNP,785,2850,27.544
S00027-Ja003E-PBCa,MNP|PLT,27,2850,0.947
S00027-Ja003E-PBCa,NK,104,2850,3.649
S00027-Ja003E-PBCa,PB,58,2850,2.035
S00027-Ja003E-PBCa,PLT,54,2850,1.895
S00027-Ja003E-PBCa,T,942,2850,33.053
S00028-Ja001E-PBCa,B,236,10596,2.227
S00028-Ja001E-PBCa,ERYTH,0,10596,0
S00028-Ja001E-PBCa,HSC,2,10596,0.019
S00028-Ja001E-PBCa,MNP,5109,10596,48.216
S00028-Ja001E-PBCa,MNP|PLT,156,10596,1.472
S00028-Ja001E-PBCa,NK,1246,10596,11.759
S00028-Ja001E-PBCa,PB,77,10596,0.727
S00028-Ja001E-PBCa,PLT,7,10596,0.066
S00028-Ja001E-PBCa,T,3763,10596,35.513
S00034-Ja005E-PBCa,B,281,8435,3.331
S00034-Ja005E-PBCa,ERYTH,0,8435,0
S00034-Ja005E-PBCa,HSC,15,8435,0.178
S00034-Ja005E-PBCa,MNP,3811,8435,45.181
S00034-Ja005E-PBCa,MNP|PLT,155,8435,1.838
S00034-Ja005E-PBCa,NK,534,8435,6.331
S00034-Ja005E-PBCa,PB,65,8435,0.771
S00034-Ja005E-PBCa,PLT,78,8435,0.925
S00034-Ja005E-PBCa,T,3496,8435,41.446
S00037-Ja003E-PBCa,B,259,7367,3.516
S00037-Ja003E-PBCa,ERYTH,2,7367,0.027
S00037-Ja003E-PBCa,HSC,9,7367,0.122
S00037-Ja003E-PBCa,MNP,1932,7367,26.225
S00037-Ja003E-PBCa,MNP|PLT,10,7367,0.136
S00037-Ja003E-PBCa,NK,381,7367,5.172
S00037-Ja003E-PBCa,PB,28,7367,0.38
S00037-Ja003E-PBCa,PLT,9,7367,0.122
S00037-Ja003E-PBCa,T,4737,7367,64.3
S00040-Ja005E-PBCa,B,832,4801,17.33
S00040-Ja005E-PBCa,ERYTH,24,4801,0.5
S00040-Ja005E-PBCa,HSC,9,4801,0.187
S00040-Ja005E-PBCa,MNP,557,4801,11.602
S00040-Ja005E-PBCa,MNP|PLT,13,4801,0.271
S00040-Ja005E-PBCa,NK,84,4801,1.75
S00040-Ja005E-PBCa,PB,105,4801,2.187
S00040-Ja005E-PBCa,PLT,55,4801,1.146
S00040-Ja005E-PBCa,T,3122,4801,65.028
S00041-Ja001E-PBCa,B,383,5682,6.741
S00041-Ja001E-PBCa,ERYTH,0,5682,0
S00041-Ja001E-PBCa,HSC,1,5682,0.018
S00041-Ja001E-PBCa,MNP,2948,5682,51.883
S00041-Ja001E-PBCa,MNP|PLT,35,5682,0.616
S00041-Ja001E-PBCa,NK,243,5682,4.277
S00041-Ja001E-PBCa,PB,84,5682,1.478
S00041-Ja001E-PBCa,PLT,2,5682,0.035
S00041-Ja001E-PBCa,T,1986,5682,34.952
S00042-Ja001E-PBCa,B,405,5239,7.73
S00042-Ja001E-PBCa,ERYTH,4,5239,0.076
S00042-Ja001E-PBCa,HSC,6,5239,0.115
S00042-Ja001E-PBCa,MNP,1393,5239,26.589
S00042-Ja001E-PBCa,MNP|PLT,10,5239,0.191
S00042-Ja001E-PBCa,NK,1016,5239,19.393
S00042-Ja001E-PBCa,PB,161,5239,3.073
S00042-Ja001E-PBCa,PLT,4,5239,0.076
S00042-Ja001E-PBCa,T,2240,5239,42.756
S00043-Ja005E-PBCa,B,266,5911,4.5
S00043-Ja005E-PBCa,ERYTH,0,5911,0
S00043-Ja005E-PBCa,HSC,18,5911,0.305
S00043-Ja005E-PBCa,MNP,2323,5911,39.3
S00043-Ja005E-PBCa,MNP|PLT,26,5911,0.44
S00043-Ja005E-PBCa,NK,229,5911,3.874
S00043-Ja005E-PBCa,PB,143,5911,2.419
S00043-Ja005E-PBCa,PLT,15,5911,0.254
S00043-Ja005E-PBCa,T,2891,5911,48.909
S00045-Ja001E-PBCa,B,556,6289,8.841
S00045-Ja001E-PBCa,ERYTH,0,6289,0
S00045-Ja001E-PBCa,HSC,4,6289,0.064
S00045-Ja001E-PBCa,MNP,2462,6289,39.148
S00045-Ja001E-PBCa,MNP|PLT,24,6289,0.382
S00045-Ja001E-PBCa,NK,252,6289,4.007
S00045-Ja001E-PBCa,PB,28,6289,0.445
S00045-Ja001E-PBCa,PLT,0,6289,0
S00045-Ja001E-PBCa,T,2963,6289,47.114
S00048-Ja003E-PBCa,B,450,3442,13.074
S00048-Ja003E-PBCa,ERYTH,0,3442,0
S00048-Ja003E-PBCa,HSC,10,3442,0.291
S00048-Ja003E-PBCa,MNP,853,3442,24.782
S00048-Ja003E-PBCa,MNP|PLT,5,3442,0.145
S00048-Ja003E-PBCa,NK,108,3442,3.138
S00048-Ja003E-PBCa,PB,55,3442,1.598
S00048-Ja003E-PBCa,PLT,0,3442,0
S00048-Ja003E-PBCa,T,1961,3442,56.973
S00050-Ja001E-PBCa,B,133,6937,1.917
S00050-Ja001E-PBCa,ERYTH,0,6937,0
S00050-Ja001E-PBCa,HSC,9,6937,0.13
S00050-Ja001E-PBCa,MNP,2582,6937,37.221
S00050-Ja001E-PBCa,MNP|PLT,28,6937,0.404
S00050-Ja001E-PBCa,NK,739,6937,10.653
S00050-Ja001E-PBCa,PB,152,6937,2.191
S00050-Ja001E-PBCa,PLT,6,6937,0.086
S00050-Ja001E-PBCa,T,3288,6937,47.398
S00052-Ja005E-PBCa,B,2122,14113,15.036
S00052-Ja005E-PBCa,ERYTH,4,14113,0.028
S00052-Ja005E-PBCa,HSC,51,14113,0.361
S00052-Ja005E-PBCa,MNP,4063,14113,28.789
S00052-Ja005E-PBCa,MNP|PLT,337,14113,2.388
S00052-Ja005E-PBCa,NK,241,14113,1.708
S00052-Ja005E-PBCa,PB,87,14113,0.616
S00052-Ja005E-PBCa,PLT,11,14113,0.078
S00052-Ja005E-PBCa,T,7197,14113,50.996
S00053-Ja003E-PBCa,B,204,3693,5.524
S00053-Ja003E-PBCa,ERYTH,0,3693,0
S00053-Ja003E-PBCa,HSC,27,3693,0.731
S00053-Ja003E-PBCa,MNP,1156,3693,31.302
S00053-Ja003E-PBCa,MNP|PLT,4,3693,0.108
S00053-Ja003E-PBCa,NK,129,3693,3.493
S00053-Ja003E-PBCa,PB,84,3693,2.275
S00053-Ja003E-PBCa,PLT,10,3693,0.271
S00053-Ja003E-PBCa,T,2079,3693,56.296
S00054-Ja001E-PBCa,B,226,3959,5.709
S00054-Ja001E-PBCa,ERYTH,1,3959,0.025
S00054-Ja001E-PBCa,HSC,14,3959,0.354
S00054-Ja001E-PBCa,MNP,2047,3959,51.705
S00054-Ja001E-PBCa,MNP|PLT,20,3959,0.505
S00054-Ja001E-PBCa,NK,172,3959,4.345
S00054-Ja001E-PBCa,PB,39,3959,0.985
S00054-Ja001E-PBCa,PLT,6,3959,0.152
S00054-Ja001E-PBCa,T,1434,3959,36.221
S00056-Ja003E-PBCa,B,301,8069,3.73
S00056-Ja003E-PBCa,ERYTH,0,8069,0
S00056-Ja003E-PBCa,HSC,76,8069,0.942
S00056-Ja003E-PBCa,MNP,3391,8069,42.025
S00056-Ja003E-PBCa,MNP|PLT,478,8069,5.924
S00056-Ja003E-PBCa,NK,400,8069,4.957
S00056-Ja003E-PBCa,PB,86,8069,1.066
S00056-Ja003E-PBCa,PLT,18,8069,0.223
S00056-Ja003E-PBCa,T,3319,8069,41.133
S00057-Ja003E-PBCa,B,215,5685,3.782
S00057-Ja003E-PBCa,ERYTH,2,5685,0.035
S00057-Ja003E-PBCa,HSC,9,5685,0.158
S00057-Ja003E-PBCa,MNP,2506,5685,44.081
S00057-Ja003E-PBCa,MNP|PLT,16,5685,0.281
S00057-Ja003E-PBCa,NK,369,5685,6.491
S00057-Ja003E-PBCa,PB,116,5685,2.04
S00057-Ja003E-PBCa,PLT,5,5685,0.088
S00057-Ja003E-PBCa,T,2447,5685,43.043
S00058-Ja003E-PBCa,B,203,6846,2.965
S00058-Ja003E-PBCa,ERYTH,0,6846,0
S00058-Ja003E-PBCa,HSC,4,6846,0.058
S00058-Ja003E-PBCa,MNP,1311,6846,19.15
S00058-Ja003E-PBCa,MNP|PLT,25,6846,0.365
S00058-Ja003E-PBCa,NK,593,6846,8.662
S00058-Ja003E-PBCa,PB,21,6846,0.307
S00058-Ja003E-PBCa,PLT,2,6846,0.029
S00058-Ja003E-PBCa,T,4687,6846,68.463
S00059-Ja001E-PBCa,B,568,5378,10.562
S00059-Ja001E-PBCa,ERYTH,0,5378,0
S00059-Ja001E-PBCa,HSC,16,5378,0.298
S00059-Ja001E-PBCa,MNP,2065,5378,38.397
S00059-Ja001E-PBCa,MNP|PLT,12,5378,0.223
S00059-Ja001E-PBCa,NK,247,5378,4.593
S00059-Ja001E-PBCa,PB,60,5378,1.116
S00059-Ja001E-PBCa,PLT,2,5378,0.037
S00059-Ja001E-PBCa,T,2408,5378,44.775
S00060-Ja005E-PBCa,B,87,5577,1.56
S00060-Ja005E-PBCa,ERYTH,0,5577,0
S00060-Ja005E-PBCa,HSC,9,5577,0.161
S00060-Ja005E-PBCa,MNP,1568,5577,28.115
S00060-Ja005E-PBCa,MNP|PLT,64,5577,1.148
S00060-Ja005E-PBCa,NK,646,5577,11.583
S00060-Ja005E-PBCa,PB,181,5577,3.245
S00060-Ja005E-PBCa,PLT,2,5577,0.036
S00060-Ja005E-PBCa,T,3020,5577,54.151
S00061-Ja003E-PBCa,B,222,4289,5.176
S00061-Ja003E-PBCa,ERYTH,0,4289,0
S00061-Ja003E-PBCa,HSC,9,4289,0.21
S00061-Ja003E-PBCa,MNP,2045,4289,47.68
S00061-Ja003E-PBCa,MNP|PLT,18,4289,0.42
S00061-Ja003E-PBCa,NK,383,4289,8.93
S00061-Ja003E-PBCa,PB,43,4289,1.003
S00061-Ja003E-PBCa,PLT,5,4289,0.117
S00061-Ja003E-PBCa,T,1564,4289,36.465
S00063-Ja003E-PBCa,B,135,6168,2.189
S00063-Ja003E-PBCa,ERYTH,2,6168,0.032
S00063-Ja003E-PBCa,HSC,7,6168,0.113
S00063-Ja003E-PBCa,MNP,1136,6168,18.418
S00063-Ja003E-PBCa,MNP|PLT,16,6168,0.259
S00063-Ja003E-PBCa,NK,156,6168,2.529
S00063-Ja003E-PBCa,PB,29,6168,0.47
S00063-Ja003E-PBCa,PLT,5,6168,0.081
S00063-Ja003E-PBCa,T,4682,6168,75.908
S00064-Ja005E-PBCa,B,312,7370,4.233
S00064-Ja005E-PBCa,ERYTH,0,7370,0
S00064-Ja005E-PBCa,HSC,4,7370,0.054
S00064-Ja005E-PBCa,MNP,1564,7370,21.221
S00064-Ja005E-PBCa,MNP|PLT,14,7370,0.19
S00064-Ja005E-PBCa,NK,613,7370,8.318
S00064-Ja005E-PBCa,PB,106,7370,1.438
S00064-Ja005E-PBCa,PLT,8,7370,0.109
S00064-Ja005E-PBCa,T,4749,7370,64.437
S00065-Ja003E-PBCa,B,436,3941,11.063
S00065-Ja003E-PBCa,ERYTH,1,3941,0.025
S00065-Ja003E-PBCa,HSC,3,3941,0.076
S00065-Ja003E-PBCa,MNP,1734,3941,43.999
S00065-Ja003E-PBCa,MNP|PLT,24,3941,0.609
S00065-Ja003E-PBCa,NK,126,3941,3.197
S00065-Ja003E-PBCa,PB,17,3941,0.431
S00065-Ja003E-PBCa,PLT,5,3941,0.127
S00065-Ja003E-PBCa,T,1595,3941,40.472
S00067-Ja001E-PBCa,B,456,4800,9.5
S00067-Ja001E-PBCa,ERYTH,0,4800,0
S00067-Ja001E-PBCa,HSC,8,4800,0.167
S00067-Ja001E-PBCa,MNP,1488,4800,31
S00067-Ja001E-PBCa,MNP|PLT,12,4800,0.25
S00067-Ja001E-PBCa,NK,415,4800,8.646
S00067-Ja001E-PBCa,PB,58,4800,1.208
S00067-Ja001E-PBCa,PLT,3,4800,0.062
S00067-Ja001E-PBCa,T,2360,4800,49.167
S00068-Ja005E-PBCa,B,88,3736,2.355
S00068-Ja005E-PBCa,ERYTH,0,3736,0
S00068-Ja005E-PBCa,HSC,20,3736,0.535
S00068-Ja005E-PBCa,MNP,2231,3736,59.716
S00068-Ja005E-PBCa,MNP|PLT,34,3736,0.91
S00068-Ja005E-PBCa,NK,360,3736,9.636
S00068-Ja005E-PBCa,PB,180,3736,4.818
S00068-Ja005E-PBCa,PLT,24,3736,0.642
S00068-Ja005E-PBCa,T,799,3736,21.387
S00069-Ja005E-PBCa,B,252,5885,4.282
S00069-Ja005E-PBCa,ERYTH,0,5885,0
S00069-Ja005E-PBCa,HSC,8,5885,0.136
S00069-Ja005E-PBCa,MNP,3600,5885,61.172
S00069-Ja005E-PBCa,MNP|PLT,69,5885,1.172
S00069-Ja005E-PBCa,NK,227,5885,3.857
S00069-Ja005E-PBCa,PB,35,5885,0.595
S00069-Ja005E-PBCa,PLT,5,5885,0.085
S00069-Ja005E-PBCa,T,1689,5885,28.7
S00076-Ja001E-PBCa,B,417,5816,7.17
S00076-Ja001E-PBCa,ERYTH,0,5816,0
S00076-Ja001E-PBCa,HSC,5,5816,0.086
S00076-Ja001E-PBCa,MNP,2407,5816,41.386
S00076-Ja001E-PBCa,MNP|PLT,41,5816,0.705
S00076-Ja001E-PBCa,NK,516,5816,8.872
S00076-Ja001E-PBCa,PB,14,5816,0.241
S00076-Ja001E-PBCa,PLT,9,5816,0.155
S00076-Ja001E-PBCa,T,2407,5816,41.386
S00077-Ja005E-PBCa,B,90,2854,3.153
S00077-Ja005E-PBCa,ERYTH,0,2854,0
S00077-Ja005E-PBCa,HSC,2,2854,0.07
S00077-Ja005E-PBCa,MNP,863,2854,30.238
S00077-Ja005E-PBCa,MNP|PLT,7,2854,0.245
S00077-Ja005E-PBCa,NK,128,2854,4.485
S00077-Ja005E-PBCa,PB,55,2854,1.927
S00077-Ja005E-PBCa,PLT,10,2854,0.35
S00077-Ja005E-PBCa,T,1699,2854,59.53
S00078-Ja003E-PBCa,B,309,7728,3.998
S00078-Ja003E-PBCa,ERYTH,0,7728,0
S00078-Ja003E-PBCa,HSC,12,7728,0.155
S00078-Ja003E-PBCa,MNP,1753,7728,22.684
S00078-Ja003E-PBCa,MNP|PLT,56,7728,0.725
S00078-Ja003E-PBCa,NK,897,7728,11.607
S00078-Ja003E-PBCa,PB,81,7728,1.048
S00078-Ja003E-PBCa,PLT,3,7728,0.039
S00078-Ja003E-PBCa,T,4617,7728,59.744
S00094-Ja005E-PBCa,B,409,4929,8.298
S00094-Ja005E-PBCa,ERYTH,33,4929,0.67
S00094-Ja005E-PBCa,HSC,3,4929,0.061
S00094-Ja005E-PBCa,MNP,1345,4929,27.287
S00094-Ja005E-PBCa,MNP|PLT,17,4929,0.345
S00094-Ja005E-PBCa,NK,419,4929,8.501
S00094-Ja005E-PBCa,PB,47,4929,0.954
S00094-Ja005E-PBCa,PLT,17,4929,0.345
S00094-Ja005E-PBCa,T,2639,4929,53.54
S00095-Ja005E-PBCa,B,210,3088,6.801
S00095-Ja005E-PBCa,ERYTH,0,3088,0
S00095-Ja005E-PBCa,HSC,21,3088,0.68
S00095-Ja005E-PBCa,MNP,879,3088,28.465
S00095-Ja005E-PBCa,MNP|PLT,12,3088,0.389
S00095-Ja005E-PBCa,NK,155,3088,5.019
S00095-Ja005E-PBCa,PB,34,3088,1.101
S00095-Ja005E-PBCa,PLT,30,3088,0.972
S00095-Ja005E-PBCa,T,1747,3088,56.574
S00099-Ja005E-PBCa,B,28,2402,1.166
S00099-Ja005E-PBCa,ERYTH,2,2402,0.083
S00099-Ja005E-PBCa,HSC,13,2402,0.541
S00099-Ja005E-PBCa,MNP,1088,2402,45.296
S00099-Ja005E-PBCa,MNP|PLT,20,2402,0.833
S00099-Ja005E-PBCa,NK,152,2402,6.328
S00099-Ja005E-PBCa,PB,27,2402,1.124
S00099-Ja005E-PBCa,PLT,8,2402,0.333
S00099-Ja005E-PBCa,T,1064,2402,44.296
S00104-Ja003E-PBCa,B,601,8124,7.398
S00104-Ja003E-PBCa,ERYTH,0,8124,0
S00104-Ja003E-PBCa,HSC,3,8124,0.037
S00104-Ja003E-PBCa,MNP,1594,8124,19.621
S00104-Ja003E-PBCa,MNP|PLT,20,8124,0.246
S00104-Ja003E-PBCa,NK,547,8124,6.733
S00104-Ja003E-PBCa,PB,77,8124,0.948
S00104-Ja003E-PBCa,PLT,13,8124,0.16
S00104-Ja003E-PBCa,T,5269,8124,64.857
S00106-Ja003E-PBCa,B,243,6716,3.618
S00106-Ja003E-PBCa,ERYTH,0,6716,0
S00106-Ja003E-PBCa,HSC,4,6716,0.06
S00106-Ja003E-PBCa,MNP,2651,6716,39.473
S00106-Ja003E-PBCa,MNP|PLT,19,6716,0.283
S00106-Ja003E-PBCa,NK,886,6716,13.192
S00106-Ja003E-PBCa,PB,17,6716,0.253
S00106-Ja003E-PBCa,PLT,3,6716,0.045
S00106-Ja003E-PBCa,T,2893,6716,43.076
S00109-Ja005E-PBCa,B,285,3224,8.84
S00109-Ja005E-PBCa,ERYTH,2,3224,0.062
S00109-Ja005E-PBCa,HSC,3,3224,0.093
S00109-Ja005E-PBCa,MNP,555,3224,17.215
S00109-Ja005E-PBCa,MNP|PLT,4,3224,0.124
S00109-Ja005E-PBCa,NK,840,3224,26.055
S00109-Ja005E-PBCa,PB,119,3224,3.691
S00109-Ja005E-PBCa,PLT,7,3224,0.217
S00109-Ja005E-PBCa,T,1409,3224,43.703
S00112-Ja003E-PBCa,B,1290,7432,17.357
S00112-Ja003E-PBCa,ERYTH,0,7432,0
S00112-Ja003E-PBCa,HSC,10,7432,0.135
S00112-Ja003E-PBCa,MNP,1981,7432,26.655
S00112-Ja003E-PBCa,MNP|PLT,70,7432,0.942
S00112-Ja003E-PBCa,NK,563,7432,7.575
S00112-Ja003E-PBCa,PB,208,7432,2.799
S00112-Ja003E-PBCa,PLT,5,7432,0.067
S00112-Ja003E-PBCa,T,3305,7432,44.47
S00113-Ja005E-PBCa,B,219,6152,3.56
S00113-Ja005E-PBCa,ERYTH,1,6152,0.016
S00113-Ja005E-PBCa,HSC,17,6152,0.276
S00113-Ja005E-PBCa,MNP,1563,6152,25.406
S00113-Ja005E-PBCa,MNP|PLT,43,6152,0.699
S00113-Ja005E-PBCa,NK,350,6152,5.689
S00113-Ja005E-PBCa,PB,60,6152,0.975
S00113-Ja005E-PBCa,PLT,6,6152,0.098
S00113-Ja005E-PBCa,T,3893,6152,63.28
S00114-Ja003E-PBCa,B,176,7664,2.296
S00114-Ja003E-PBCa,ERYTH,0,7664,0
S00114-Ja003E-PBCa,HSC,2,7664,0.026
S00114-Ja003E-PBCa,MNP,1451,7664,18.933
S00114-Ja003E-PBCa,MNP|PLT,18,7664,0.235
S00114-Ja003E-PBCa,NK,539,7664,7.033
S00114-Ja003E-PBCa,PB,86,7664,1.122
S00114-Ja003E-PBCa,PLT,0,7664,0
S00114-Ja003E-PBCa,T,5392,7664,70.355
S00124-Ja005E-PBCa,B,273,6384,4.276
S00124-Ja005E-PBCa,ERYTH,0,6384,0
S00124-Ja005E-PBCa,HSC,8,6384,0.125
S00124-Ja005E-PBCa,MNP,2424,6384,37.97
S00124-Ja005E-PBCa,MNP|PLT,38,6384,0.595
S00124-Ja005E-PBCa,NK,276,6384,4.323
S00124-Ja005E-PBCa,PB,57,6384,0.893
S00124-Ja005E-PBCa,PLT,10,6384,0.157
S00124-Ja005E-PBCa,T,3298,6384,51.66
S00126-Ja003E-PBCa,B,169,6495,2.602
S00126-Ja003E-PBCa,ERYTH,0,6495,0
S00126-Ja003E-PBCa,HSC,2,6495,0.031
S00126-Ja003E-PBCa,MNP,2405,6495,37.028
S00126-Ja003E-PBCa,MNP|PLT,20,6495,0.308
S00126-Ja003E-PBCa,NK,360,6495,5.543
S00126-Ja003E-PBCa,PB,167,6495,2.571
S00126-Ja003E-PBCa,PLT,12,6495,0.185
S00126-Ja003E-PBCa,T,3360,6495,51.732
S00134-Ja003E-PBCa,B,311,5774,5.386
S00134-Ja003E-PBCa,ERYTH,1,5774,0.017
S00134-Ja003E-PBCa,HSC,11,5774,0.191
S00134-Ja003E-PBCa,MNP,3083,5774,53.395
S00134-Ja003E-PBCa,MNP|PLT,76,5774,1.316
S00134-Ja003E-PBCa,NK,393,5774,6.806
S00134-Ja003E-PBCa,PB,124,5774,2.148
S00134-Ja003E-PBCa,PLT,17,5774,0.294
S00134-Ja003E-PBCa,T,1758,5774,30.447
S00148-Ja003E-PBCa,B,424,5348,7.928
S00148-Ja003E-PBCa,ERYTH,1,5348,0.019
S00148-Ja003E-PBCa,HSC,26,5348,0.486
S00148-Ja003E-PBCa,MNP,1277,5348,23.878
S00148-Ja003E-PBCa,MNP|PLT,23,5348,0.43
S00148-Ja003E-PBCa,NK,776,5348,14.51
S00148-Ja003E-PBCa,PB,114,5348,2.132
S00148-Ja003E-PBCa,PLT,13,5348,0.243
S00148-Ja003E-PBCa,T,2694,5348,50.374
U00501-Ua005E-PBUa,B,140,1171,11.956
U00501-Ua005E-PBUa,ERYTH,6,1171,0.512
U00501-Ua005E-PBUa,HSC,15,1171,1.281
U00501-Ua005E-PBUa,MNP,41,1171,3.501
U00501-Ua005E-PBUa,MNP|PLT,1,1171,0.085
U00501-Ua005E-PBUa,NK,21,1171,1.793
U00501-Ua005E-PBUa,PB,58,1171,4.953
U00501-Ua005E-PBUa,PLT,10,1171,0.854
U00501-Ua005E-PBUa,T,879,1171,75.064
U00502-Ua005E-PBUa,B,18,3722,0.484
U00502-Ua005E-PBUa,ERYTH,0,3722,0
U00502-Ua005E-PBUa,HSC,13,3722,0.349
U00502-Ua005E-PBUa,MNP,1859,3722,49.946
U00502-Ua005E-PBUa,MNP|PLT,17,3722,0.457
U00502-Ua005E-PBUa,NK,1021,3722,27.431
U00502-Ua005E-PBUa,PB,3,3722,0.081
U00502-Ua005E-PBUa,PLT,9,3722,0.242
U00502-Ua005E-PBUa,T,782,3722,21.01
U00503-Ua005E-PBUa,B,39,1731,2.253
U00503-Ua005E-PBUa,ERYTH,0,1731,0
U00503-Ua005E-PBUa,HSC,0,1731,0
U00503-Ua005E-PBUa,MNP,685,1731,39.573
U00503-Ua005E-PBUa,MNP|PLT,6,1731,0.347
U00503-Ua005E-PBUa,NK,111,1731,6.412
U00503-Ua005E-PBUa,PB,9,1731,0.52
U00503-Ua005E-PBUa,PLT,1,1731,0.058
U00503-Ua005E-PBUa,T,880,1731,50.838
U00505-Ua005E-PBUa,B,124,3300,3.758
U00505-Ua005E-PBUa,ERYTH,0,3300,0
U00505-Ua005E-PBUa,HSC,22,3300,0.667
U00505-Ua005E-PBUa,MNP,1231,3300,37.303
U00505-Ua005E-PBUa,MNP|PLT,40,3300,1.212
U00505-Ua005E-PBUa,NK,37,3300,1.121
U00505-Ua005E-PBUa,PB,10,3300,0.303
U00505-Ua005E-PBUa,PLT,56,3300,1.697
U00505-Ua005E-PBUa,T,1780,3300,53.939
U00601-Ua005E-PBUa,B,11,620,1.774
U00601-Ua005E-PBUa,ERYTH,4,620,0.645
U00601-Ua005E-PBUa,HSC,0,620,0
U00601-Ua005E-PBUa,MNP,127,620,20.484
U00601-Ua005E-PBUa,MNP|PLT,1,620,0.161
U00601-Ua005E-PBUa,NK,95,620,15.323
U00601-Ua005E-PBUa,PB,31,620,5
U00601-Ua005E-PBUa,PLT,3,620,0.484
U00601-Ua005E-PBUa,T,348,620,56.129
U00605-Ua005E-PBUa,B,39,1700,2.294
U00605-Ua005E-PBUa,ERYTH,1,1700,0.059
U00605-Ua005E-PBUa,HSC,0,1700,0
U00605-Ua005E-PBUa,MNP,1382,1700,81.294
U00605-Ua005E-PBUa,MNP|PLT,9,1700,0.529
U00605-Ua005E-PBUa,NK,18,1700,1.059
U00605-Ua005E-PBUa,PB,6,1700,0.353
U00605-Ua005E-PBUa,PLT,13,1700,0.765
U00605-Ua005E-PBUa,T,232,1700,13.647
U00607-Ua005E-PBUa,B,37,1081,3.423
U00607-Ua005E-PBUa,ERYTH,1,1081,0.093
U00607-Ua005E-PBUa,HSC,7,1081,0.648
U00607-Ua005E-PBUa,MNP,757,1081,70.028
U00607-Ua005E-PBUa,MNP|PLT,60,1081,5.55
U00607-Ua005E-PBUa,NK,60,1081,5.55
U00607-Ua005E-PBUa,PB,12,1081,1.11
U00607-Ua005E-PBUa,PLT,20,1081,1.85
U00607-Ua005E-PBUa,T,127,1081,11.748
U00617-Ua005E-PBUa,B,26,1138,2.285
U00617-Ua005E-PBUa,ERYTH,1,1138,0.088
U00617-Ua005E-PBUa,HSC,11,1138,0.967
U00617-Ua005E-PBUa,MNP,127,1138,11.16
U00617-Ua005E-PBUa,MNP|PLT,4,1138,0.351
U00617-Ua005E-PBUa,NK,86,1138,7.557
U00617-Ua005E-PBUa,PB,200,1138,17.575
U00617-Ua005E-PBUa,PLT,9,1138,0.791
U00617-Ua005E-PBUa,T,674,1138,59.227
U00619-Ua005E-PBUa,B,71,2024,3.508
U00619-Ua005E-PBUa,ERYTH,0,2024,0
U00619-Ua005E-PBUa,HSC,25,2024,1.235
U00619-Ua005E-PBUa,MNP,316,2024,15.613
U00619-Ua005E-PBUa,MNP|PLT,17,2024,0.84
U00619-Ua005E-PBUa,NK,353,2024,17.441
U00619-Ua005E-PBUa,PB,57,2024,2.816
U00619-Ua005E-PBUa,PLT,91,2024,4.496
U00619-Ua005E-PBUa,T,1094,2024,54.051
U00701-Ua005E-PBUa,B,9,876,1.027
U00701-Ua005E-PBUa,ERYTH,2,876,0.228
U00701-Ua005E-PBUa,HSC,1,876,0.114
U00701-Ua005E-PBUa,MNP,250,876,28.539
U00701-Ua005E-PBUa,MNP|PLT,4,876,0.457
U00701-Ua005E-PBUa,NK,112,876,12.785
U00701-Ua005E-PBUa,PB,0,876,0
U00701-Ua005E-PBUa,PLT,3,876,0.342
U00701-Ua005E-PBUa,T,495,876,56.507