sequence_id	panel_id	stage_ordinal	stage	status	outcome_access	public_before_outcome	artifact	artifact_sha256	public_commit_or_tag	notes
arce_gse278572__01_terminal_record	arce_gse278572	1	terminal_record	REFUSE	SCORED	UNKNOWN	results/arce_gse278572_conditional_field_confirmation.json	65d4bf6097a8fafee8e22f352c2c6c14fa13c1d8082073a4589d3ee693ef8b57		Single-row historical sequence; inference role is defined in the panels ledger.
combat_oxford_adaptive_development__01_adaptive_development_audit	combat_oxford_adaptive_development	1	adaptive_development_audit	RETROSPECTIVE_ADAPTIVE_DEVELOPMENT_ONLY	NONHELD_ONLY	NO	results/development/exact_logodds_head_to_head_v1.json	22bbad8efad2dd9b5172a33e8b2fdaf568114103fd7045a80a58eb842bb09d2a		See artifact.
combat_terminal_pilot__01_protocol	combat_terminal_pilot	1	protocol	PUBLIC_FREEZE_VERIFIED	HELD_DISABLED	YES	docs/COMBAT_CITESEQ_HELD_CONFIRMATION_PROTOCOL_2026-08-28.md	4899751abdc1c0adf35935f7cc386c2cc2aa5fd6e8035ee2fbd870865c566a31	combat-citeseq-v1-protocol	See artifact.
combat_terminal_pilot__02_pilot	combat_terminal_pilot	2	pilot	TERMINAL_PILOT_CANDIDATE_AVAILABILITY_REFUSAL	PILOT_ONLY	NOT_APPLICABLE	results/development/combat_citeseq_pilot_terminal_refusal.json	c41c6e46333c1dc56b460fec74a41f6d1a07a82105ca4894a273ce43dc48e2f9		All held margins and pairings remained unopened.
frangieh_perturb_citeseq__01_terminal_record	frangieh_perturb_citeseq	1	terminal_record	REFUSE	SCORED	UNKNOWN	results/public_coupling_atlas_benchmark_v4_final_estimator.json	eb250bd749c92b7278e7e8c54e89f5126f3367ed489a91b664f1d664ea083195		Single-row historical sequence; inference role is defined in the panels ledger.
gse144744_source_terminal__01_terminal_record	gse144744_source_terminal	1	terminal_record	TERMINAL_REFUSAL	NOT_SCORED	UNKNOWN	results/development/gse144744_ms_source_v1.json	e848e7ed6578f234d4663ba70c63e5a75dbb96f0e919dedb87e8cdb780ca0535		Single-row historical sequence; inference role is defined in the panels ledger.
gse158769_source_terminal__01_terminal_record	gse158769_source_terminal	1	terminal_record	TERMINAL_SOURCE_SCHEMA_REFUSAL_BEFORE_PILOT	NOT_SCORED	UNKNOWN	results/development/gse158769_development_v1.json	a1e42395cd79bc4f9d3db7db3bc6f1c816edcff0dd30838beea3331da5bfcbe6		Single-row historical sequence; inference role is defined in the panels ledger.
gse164378_3p_gse155673_source_terminal__01_terminal_record	gse164378_3p_gse155673_source_terminal	1	terminal_record	TERMINAL_SOURCE_REFUSAL	NOT_SCORED	UNKNOWN	results/development/gse164378_3p_gse155673_source_v1.json	213fbe6560e43b5a57f0be7f167e3a5fa7b70c4b20827c1b4842139428915fd8		Single-row historical sequence; inference role is defined in the panels ledger.
gse179221_bmmc_source_terminal__01_protocol	gse179221_bmmc_source_terminal	1	protocol	FROZEN_BEFORE_ANY_H5_BODY_ACCESS	ALL_H5_BODIES_UNOPENED	YES	docs/GSE179221_BMMC_CITESEQ_HELD_DONOR_PROTOCOL_2026-08-29.md	5a7b8139cf45f6e8c3c92b2a6baf2a43ea054ee336516bb8e19de7ced1715588	gse179221-bmmc-v1-candidate	See artifact.
gse179221_bmmc_source_terminal__02_candidate_designation	gse179221_bmmc_source_terminal	2	candidate_designation	FROZEN_FROM_PUBLIC_METADATA_BEFORE_ANY_H5_BODY_ACCESS	ALL_H5_BODIES_UNOPENED	YES	data/confirmation/gse179221_bmmc/candidate_designation_v1.json	93e839b6da7933c79437532c85576468f9c2d1ed896e461a61a8e3f854ca4e8f	gse179221-bmmc-v1-candidate	See artifact.
gse179221_bmmc_source_terminal__03_implementation_amendment	gse179221_bmmc_source_terminal	3	implementation_amendment	FROZEN_BEFORE_ANY_H5_BODY_ACCESS	ALL_H5_BODIES_UNOPENED	YES	data/confirmation/gse179221_bmmc/pre_access_implementation_amendment_v1.json	04631dcb2cd89c6f29a2b1d24103f9d2740cc5f9ce78157a555618a738a3d25f	gse179221-bmmc-v1-pre-access-amendment	See artifact.
gse179221_bmmc_source_terminal__04_implementation	gse179221_bmmc_source_terminal	4	implementation	IMPLEMENTATION_FROZEN_BEFORE_ANY_H5_BODY_ACCESS	ALL_H5_BODIES_UNOPENED	YES	experiments/confirm_gse179221_bmmc.py	af85ec66566e30b27d0d132c74a7b8b3b2d2bd5c905e643ff67e9d0283bb99bc	gse179221-bmmc-v1-implementation	See artifact.
gse179221_bmmc_source_terminal__05_source_attempt	gse179221_bmmc_source_terminal	5	source_attempt	CLAIMED_ONE_SHOT_BEFORE_ANY_H5_GET	SOURCE_GET_AUTHORIZED_HELD_DISABLED	YES	data/confirmation/gse179221_bmmc/source_attempt_v1.json	e9785294eec3420c813006d88ed5a264de1ec1a119c3725b800aaf955d87f4ec	gse179221-bmmc-v1-source-attempt	See artifact.
gse179221_bmmc_source_terminal__06_source_consumption	gse179221_bmmc_source_terminal	6	source_consumption	CONSUMED_EXCLUSIVELY_BEFORE_FIRST_H5_GET	SOURCE_GET_CONSUMED_HELD_DISABLED	NO	data/confirmation/gse179221_bmmc/source_consumption_v1.json	95c0c640fddc6b70cb7dd4b509e27f0e0604186df89ad057eeff7bc93f2fd871	gse179221-bmmc-v1-source	The exclusive local consumption record preceded the first source GET and was published with the terminal result.
gse179221_bmmc_source_terminal__07_source_result	gse179221_bmmc_source_terminal	7	source_result	TERMINAL_SOURCE_EXECUTION_REFUSAL	ONE_SOURCE_FEATURE_AXIS_OPENED_NO_COUNT_DATASET_HELD_UNOPENED	NOT_APPLICABLE	results/development/gse179221_bmmc_source_v1.json	18982f0320c602dbc65df27a94675677dc006edd9951ac62fa3a1ad93e2a06f6	gse179221-bmmc-v1-source	The first source donor failed exact cognate-axis uniqueness; no numerical matrix dataset or held file was opened.
gse181897_source_terminal__01_terminal_record	gse181897_source_terminal	1	terminal_record	TERMINAL_SOURCE_CAMPAIGN_SUPPORT_REFUSAL_AND_ENTRYPOINT_FAILURE	NOT_SCORED	UNKNOWN	results/development/gse181897_source_model_terminal_v1.json	eacedd42017c6f566d801ea33dd822aeed5afdfddeff5acdd805e9f60fa48cdc		Single-row historical sequence; inference role is defined in the panels ledger.
gse185381_aml_source_terminal__01_terminal_record	gse185381_aml_source_terminal	1	terminal_record	TERMINAL_SOURCE_REFUSAL	NOT_SCORED	UNKNOWN	results/development/gse185381_aml_source_v1.json	0b03e255433cb0369c729b22827e036e735ea40693586bc9aa42e9eaee46e0dc		Single-row historical sequence; inference role is defined in the panels ledger.
gse189050_source_terminal__01_terminal_record	gse189050_source_terminal	1	terminal_record	TERMINAL_DEVELOPMENT_QC_OR_SUPPORT_FAILURE	NOT_SCORED	UNKNOWN	results/development/gse189050_development_v1.json	1001406ca7f37c453c17eb861507e22770c6741f74c9b32a062461335ad39f4a		Single-row historical sequence; inference role is defined in the panels ledger.
gse202150_source_terminal__01_terminal_record	gse202150_source_terminal	1	terminal_record	TERMINAL_SOURCE_REFUSAL	NOT_SCORED	UNKNOWN	results/development/gse202150_source_development_v1.json	08239f2d667cb5e413f42f2525620e3afacd2ee4cd5b2b87fc5e7a154c335944		Single-row historical sequence; inference role is defined in the panels ledger.
gse214546_teaseq_source_terminal__01_candidate_protocol	gse214546_teaseq_source_terminal	1	candidate_protocol	FROZEN_BEFORE_NUMERIC_MATRIX_ACCESS	ALL_NUMERIC_MATRICES_UNOPENED	YES	docs/GSE214546_TEASEQ_HELD_DONOR_CONFIRMATION_PROTOCOL_2026-08-30.md	bbe21165fd034129bc1606243ba202deb50c3625fa55c3594967e15e0f62b0a5	gse214546-teaseq-v1-candidate	See artifact.
gse214546_teaseq_source_terminal__02_schema_amendment	gse214546_teaseq_source_terminal	2	schema_amendment	FROZEN_BEFORE_NUMERIC_MATRIX_ACCESS	ALL_NUMERIC_MATRICES_UNOPENED	YES	data/confirmation/gse214546_teaseq/pre_access_schema_amendment_v1.json	e675caf330934671cf28de3bc5795713b685fb75e8c82653ab6eb1424fd9cd58	gse214546-teaseq-v1-pre-access-amendment	See artifact.
gse214546_teaseq_source_terminal__03_implementation_clarification	gse214546_teaseq_source_terminal	3	implementation_clarification	FROZEN_BEFORE_NUMERIC_MATRIX_ACCESS	ALL_NUMERIC_MATRICES_UNOPENED	YES	data/confirmation/gse214546_teaseq/pre_access_implementation_clarification_v1.json	54304d0829f74c684b4b10d41806bc2651832ca35b6d0328ecfeefabfe41ecea	gse214546-teaseq-v1-implementation-clarification	See artifact.
gse214546_teaseq_source_terminal__04_cv_availability	gse214546_teaseq_source_terminal	4	cv_availability	FROZEN_BEFORE_NUMERIC_MATRIX_ACCESS	ALL_NUMERIC_MATRICES_UNOPENED	YES	data/confirmation/gse214546_teaseq/pre_access_cv_availability_clarification_v1.json	cb8eb8285f2ac2a58ab0ede774966b40cc217f55024db524a49dabaed7bdb281	gse214546-teaseq-v1-cv-availability	See artifact.
gse214546_teaseq_source_terminal__05_normalization_correction	gse214546_teaseq_source_terminal	5	normalization_correction	FROZEN_BEFORE_NUMERIC_MATRIX_ACCESS	ALL_NUMERIC_MATRICES_UNOPENED	YES	data/confirmation/gse214546_teaseq/pre_access_normalization_correction_v1.json	b469bd0e482c49a81537dfcc20930a7dfd25c5a9276119d4a4622403fc0e5938	gse214546-teaseq-v1-normalization-correction	See artifact.
gse214546_teaseq_source_terminal__06_sparse_access_clarification	gse214546_teaseq_source_terminal	6	sparse_access_clarification	FROZEN_BEFORE_NUMERIC_MATRIX_ACCESS	ALL_NUMERIC_MATRICES_UNOPENED	YES	data/confirmation/gse214546_teaseq/pre_access_sparse_access_clarification_v1.json	1bda50b7990da0e9b76485f184628df88e83a0d7f2a564a5f440c4024bdda628	gse214546-teaseq-v1-sparse-access-clarification	See artifact.
gse214546_teaseq_source_terminal__07_crash_semantics	gse214546_teaseq_source_terminal	7	crash_semantics	FROZEN_BEFORE_NUMERIC_MATRIX_ACCESS	ALL_NUMERIC_MATRICES_UNOPENED	YES	data/confirmation/gse214546_teaseq/pre_access_crash_semantics_clarification_v1.json	fdb38aee98cd7bd4a65aafcb2566f109ece6c865461096943f2e8abb0a14709a	gse214546-teaseq-v1-crash-semantics-clarification	See artifact.
gse214546_teaseq_source_terminal__08_implementation	gse214546_teaseq_source_terminal	8	implementation	IMPLEMENTATION_FROZEN_BEFORE_NUMERIC_ACCESS	SOURCE_ACCESS_DISABLED_HELD_DISABLED	YES	experiments/confirm_gse214546_teaseq.py	71ba569c806fbf32408f628e2f1b0ec5c5155596fa877eadeca0be3a5924f687	gse214546-teaseq-v1-implementation	See artifact.
gse214546_teaseq_source_terminal__09_source_attempt	gse214546_teaseq_source_terminal	9	source_attempt	CLAIMED_BEFORE_FIRST_SOURCE_FILE_GET	SOURCE_ACCESS_ENABLED_HELD_DISABLED	YES	data/confirmation/gse214546_teaseq/source_attempt_v1.json	56a832e0f3b67ceae87e7a645275a7ec4607f350dd56456f37be9149c906795f	gse214546-teaseq-v1-source-attempt	See artifact.
gse214546_teaseq_source_terminal__10_source_result	gse214546_teaseq_source_terminal	10	source_result	TERMINAL_SOURCE_REFUSAL	TWO_SOURCE_H5_REQUESTED_ONE_REDUCED_HELD_UNOPENED	NOT_APPLICABLE	results/development/gse214546_teaseq_source_v1.json	fb7ed8218c926cbc41a105b21a94116d8f73de5fd823b98137ac094b20d410ba	gse214546-teaseq-v1-source-refusal	The first source donor completed reduction; the second had fewer than 512 matched singlets. The exact overlap count was not serialized, and all eight held H5s remained unopened.
gse239452_held_post_access_correction__01_protocol	gse239452_held_post_access_correction	1	protocol	PLAN_RETAINED	DISABLED_AT_DESIGNATION	UNKNOWN	docs/GSE239452_PREGNANCY_CITESEQ_CONFIRMATION_PROTOCOL_2026-08-28.md	f340a4c1faf510eeb307c9e8115d091fb61212661f4d7c2450e5847cffbef0f0		See artifact.
gse239452_held_post_access_correction__02_prediction	gse239452_held_post_access_correction	2	prediction	PREDICTIONS_FROZEN	HELD_GEX_ACCESSED	NO	results/gse239452_citeseq_predictions.json	37a7eba3b3b514ccb9d80700f039b0442caf1d02c00a0b44d9bcef735328e020		Final inference is labeled post-access correction.
gse239452_held_post_access_correction__03_score	gse239452_held_post_access_correction	3	score	HELD_PASS	PAIRED_TRUTH_SCORED	NO	results/gse239452_citeseq_confirmation.json	12c23d6502c9192b93838d27ebcae42c4ff92e1a3b68e27cc6584efb92f22e74		Post-access corrected held-cohort analysis; not prospective confirmation.
gse239452_held_post_access_correction__04_post_access_numerical_correction	gse239452_held_post_access_correction	4	post_access_numerical_correction	POST_ACCESS_CORRECTION_COMPLETE	PAIRED_TRUTH_REUSED_POST_ACCESS	NO	results/gse239452_citeseq_post_access_correction.json	1eafd82805a0bc6d94c05afdc4160fd6917e1145d64077fb52a770e09f45793b		The residual inversion defect was corrected after outcome access; the original sealed predictions and score remain byte-identical chronology records.
gse239452_held_post_access_correction__05_standard_fixed_interaction_poisson_audit	gse239452_held_post_access_correction	5	standard_fixed_interaction_poisson_audit	POST_HOC_NONCONFIRMATORY_HEAD_TO_HEAD	PAIRED_TRUTH_REPRODUCED_POST_HOC	NO	results/development/gse239452_standard_poisson_interaction_posthoc.json	54b32b1ed12a01030210cd415b4565347868faaed13dd6fc37b6c0100c3aac97	gse239452-standard-poisson-v1-result	The standard fixed-interaction Poisson comparator was defined after held outcomes had been accessed; it is descriptive only.
gse279451_terminal__01_protocol	gse279451_terminal	1	protocol	PUBLIC_FREEZE_VERIFIED	HELD_DISABLED	YES	docs/GSE279451_SEPSIS_HELD_DONOR_CONFIRMATION_PROTOCOL_2026-08-28.md	bbcbd1dbbdc62a0cf31acb22611812b440ba1f55d35bb859525a77d59d2d19e1	gse279451-sepsis-v1-protocol	See artifact.
gse279451_terminal__02_development_acquisition	gse279451_terminal	2	development_acquisition	TERMINAL_DEVELOPMENT_ATTEMPT_STARTED	DEVELOPMENT_ONLY	NOT_APPLICABLE	data/development/gse279451_sepsis/development_attempt_v1.json	b8d7e745997e7b7ccd9a3bc8a7a7c3c7670b9e47c8b5d51e3d12fb70a5a8938d		See artifact.
gse279451_terminal__03_development_evaluation	gse279451_terminal	3	development_evaluation	TERMINAL_DEVELOPMENT_EVALUATION_STARTED	DEVELOPMENT_ONLY	NOT_APPLICABLE	data/development/gse279451_sepsis/evaluation_attempt_v1.json	a072d3340388afa60a33ef220b06e9e8d920a590d6b6894f66f02b999e1ef5a3		See artifact.
gse279451_terminal__04_terminal_record	gse279451_terminal	4	terminal_record	TERMINAL_DEVELOPMENT_EVALUATION_REFUSAL	HELD_UNOPENED	NOT_APPLICABLE	results/development/gse279451_sepsis_evaluation_refusal.json	af6d1f26eb7ea3f566612e167843bd51c03cf961a595b434e55ae7ca4d20496b	gse279451-sepsis-v1-terminal-refusal	See artifact.
gse288020_source_terminal__01_terminal_record	gse288020_source_terminal	1	terminal_record	TERMINAL_PILOT_PROMOTION_FAILURE	NOT_SCORED	UNKNOWN	results/development/gse288020_development_v1.json	eac0a00afc8e605214df61334ec878ef7a4e16cee894d8c828226b9027080a14		Single-row historical sequence; inference role is defined in the panels ledger.
gse299043_terminal__01_protocol	gse299043_terminal	1	protocol	PUBLIC_FREEZE_VERIFIED	HELD_DISABLED	YES	docs/GSE299043_MLN_HELD_SITE_CONFIRMATION_PROTOCOL_2026-08-28.md	b648a560d2a4e268035051675e3e2b4142fd48e36c2b0e98a43373affa5ad8f2	gse299043-mln-v1-protocol	See artifact.
gse299043_terminal__02_development_acquisition	gse299043_terminal	2	development_acquisition	TERMINAL_DEVELOPMENT_ATTEMPT_STARTED	DEVELOPMENT_ONLY	NOT_APPLICABLE	data/development/gse299043_mln/development_attempt_v1.json	dc6206cba4186ede6a2d9a178d6f9adb9e09e402983e32dda611b0be11ac00ad		See artifact.
gse299043_terminal__03_development_refusal	gse299043_terminal	3	development_refusal	TERMINAL_DEVELOPMENT_ACQUISITION_REFUSAL	HELD_UNOPENED	NOT_APPLICABLE	results/development/gse299043_mln_development_acquisition_refusal.json	aab390fc9701171c42267d111dfb69cbbf3282abba5d39887f30431bc1e78635		See artifact.
gse299043_terminal__04_terminal_audit	gse299043_terminal	4	terminal_audit	TERMINAL_DEVELOPMENT_ACQUISITION_REFUSAL	HELD_UNOPENED	NOT_APPLICABLE	results/development/gse299043_mln_terminal_acquisition_audit.json	6b5ef33e765adfcd80b534113a3c59dec706b82739c2518342699019011a6475	gse299043-mln-v1-terminal-refusal	See artifact.
gse309593_source_terminal__01_terminal_record	gse309593_source_terminal	1	terminal_record	TERMINAL_SOURCE_REFUSAL	NOT_SCORED	UNKNOWN	results/development/gse309593_held_batches_source_v1.json	7a4ba708490f4b79bfb730e58b6dbd3430897f90c6529a4693e6662de48a4f90		Single-row historical sequence; inference role is defined in the panels ledger.
gse314416_pilot_terminal__01_protocol	gse314416_pilot_terminal	1	protocol	FROZEN	HELD_DISABLED	YES	docs/GSE314416_IMMUNOMICROBIOME_HELD_POOL_CONFIRMATION_PROTOCOL_2026-08-28.md	13e44a2faf0aeaac75e8444c8b91e9d76ded27522538abb94211b5db5f5a9fc6	gse314416-citeseq-v1.2-protocol	See artifact.
gse314416_pilot_terminal__02_pilot	gse314416_pilot_terminal	2	pilot	TERMINAL_PILOT_REFUSAL	PILOT_ONLY	NOT_APPLICABLE	results/development/gse314416_citeseq_development.json	6124bbbdee233e987521f004a9c409858203106eeae9d2339bbea2aa4dc35f33		No held result was formed.
gse317605_longitudinal_calibration_terminal__01_protocol	gse317605_longitudinal_calibration_terminal	1	protocol	FROZEN_BEFORE_ANY_COUNT_MATRIX_ACCESS	METADATA_AND_NONGATING_AXES_ONLY	YES	data/confirmation/gse317605_longitudinal/protocol_v1.json	b48e96a9b5e6bd4932f972ddbd9e1e1b1662005412a92d1ee8c07df36e16a5e3	gse317605-longitudinal-v1-candidate	See artifact.
gse317605_longitudinal_calibration_terminal__02_candidate_designation	gse317605_longitudinal_calibration_terminal	2	candidate_designation	DESIGNATED_BEFORE_ANY_COUNT_MATRIX_ACCESS	METADATA_AND_NONGATING_AXES_ONLY	YES	data/confirmation/gse317605_longitudinal/candidate_designation_v1.json	05ba040b3c44c6dc4e9c7e89319a13b23f1ea0d33df4a409e2e29141ffadf844	gse317605-longitudinal-v1-candidate	See artifact.
gse317605_longitudinal_calibration_terminal__03_sample_manifest	gse317605_longitudinal_calibration_terminal	3	sample_manifest	FROZEN_FROM_PUBLIC_METADATA_AND_AXES_BEFORE_COUNT_MATRIX_ACCESS	ALL_COUNT_MATRICES_UNOPENED	YES	data/confirmation/gse317605_longitudinal/sample_manifest_v1.json	2cdbd3182cf41306e6adb71d409049ba8aa07e3f9d3129ecbc444545673dff8a	gse317605-longitudinal-v1-candidate	See artifact.
gse317605_longitudinal_calibration_terminal__04_implementation	gse317605_longitudinal_calibration_terminal	4	implementation	FROZEN_BEFORE_FIRST_COUNT_MATRIX_ACCESS	ALL_COUNT_MATRICES_UNOPENED	YES	data/confirmation/gse317605_longitudinal/pre_access_implementation_v1.json	005e624b46f07e93f1b60835de7039ce4696e6fc93906bff1418d7f2b6651e06	gse317605-longitudinal-v1-implementation	See artifact.
gse317605_longitudinal_calibration_terminal__05_calibration_attempt	gse317605_longitudinal_calibration_terminal	5	calibration_attempt	CLAIMED_BEFORE_FIRST_STAGE_FILE_GET	CALIBRATION_AUTHORIZED_PILOT_AND_HELD_DISABLED	YES	data/confirmation/gse317605_longitudinal/calibration_attempt_v1.json	9be86212c66384f23876c415d6000b1a92c8ff328d204b867c95fa9e7d14b255	gse317605-longitudinal-v1-calibration-attempt	See artifact.
gse317605_longitudinal_calibration_terminal__06_calibration_consumption	gse317605_longitudinal_calibration_terminal	6	calibration_consumption	CALIBRATION_CAPABILITY_CONSUMED	CALIBRATION_ONLY_PILOT_AND_HELD_DISABLED	NO	data/confirmation/gse317605_longitudinal/calibration_consumption_v1.json	0c7bce4a94a57336139d94579f6d2524feba12af89c5d560b237deb77040d8ba	gse317605-longitudinal-v1-calibration-result	The exclusive calibration capability was consumed before the first file GET and published with the terminal result.
gse317605_longitudinal_calibration_terminal__07_calibration_access_journal	gse317605_longitudinal_calibration_terminal	7	calibration_access_journal	CALIBRATION_ACCESS_RECONCILED	210_CALIBRATION_FILES_DELETED_PILOT_AND_HELD_UNREQUESTED	NOT_APPLICABLE	data/confirmation/gse317605_longitudinal/calibration_access_v1.jsonl	6ab1a7b3b6b749c9333c9fa7cf733ec5addde0afb7a77a30437d1f47b87ce2c8	gse317605-longitudinal-v1-calibration-result	See artifact.
gse317605_longitudinal_calibration_terminal__08_calibration_result	gse317605_longitudinal_calibration_terminal	8	calibration_result	CALIBRATION_FAIL	CALIBRATION_ONLY_PILOT_AND_HELD_UNREQUESTED	NOT_APPLICABLE	data/confirmation/gse317605_longitudinal/calibration_result_v1.json	9b3fcec43e38d876a312c8488292264ed747a9c70b4a75609f1d9ac18948040e	gse317605-longitudinal-v1-calibration-result	The primary cleared the patient-count condition but its 1.193% ridge-Poisson loss reduction missed the frozen 5% gate; the selected hypergraph penalty was zero.
gse326573_source_terminal__01_terminal_record	gse326573_source_terminal	1	terminal_record	TERMINAL_SOURCE_REFUSAL	NOT_SCORED	UNKNOWN	results/development/gse326573_lung_source_v1.json	e33601db1696ccec03fe41df339dfbdb09bbeaf3eae6fab1422693e4762fd559		Single-row historical sequence; inference role is defined in the panels ledger.
gse334503_source_terminal__01_terminal_record	gse334503_source_terminal	1	terminal_record	TERMINAL_SOURCE_GO_GATE_FAILED	NOT_SCORED	UNKNOWN	results/development/gse334503_source_terminal_decision_v1.json	c4b21794260aeb47cfc754be438507323511350d5fc66874aeec29412a73bf59		Single-row historical sequence; inference role is defined in the panels ledger.
gse342939_ra_bcell_source_terminal__01_protocol	gse342939_ra_bcell_source_terminal	1	protocol	FROZEN_BEFORE_ANY_NUMERIC_MATRIX_ACCESS	ALL_NUMERIC_MATRICES_UNOPENED	YES	docs/GSE342939_RA_BCELL_CITESEQ_HELD_DONOR_PROTOCOL_2026-08-29.md	2f9bc8db8c20aaf71d3160ea9279b24067ff85b7af67c3843776aeab20c4f459	gse342939-ra-bcell-v1-candidate	See artifact.
gse342939_ra_bcell_source_terminal__02_candidate_designation	gse342939_ra_bcell_source_terminal	2	candidate_designation	FROZEN_FROM_METADATA_AND_NONNUMERIC_AXES	ALL_NUMERIC_MATRICES_UNOPENED	YES	data/confirmation/gse342939_ra_bcell/candidate_designation_v1.json	26816d705f201227fb86fe1e6cb167fdc4879dbc9a02d24a3b00171c73911d9e	gse342939-ra-bcell-v1-candidate	See artifact.
gse342939_ra_bcell_source_terminal__03_implementation_amendment	gse342939_ra_bcell_source_terminal	3	implementation_amendment	FROZEN_BEFORE_ANY_NUMERIC_MATRIX_ACCESS	ALL_NUMERIC_MATRICES_UNOPENED	YES	data/confirmation/gse342939_ra_bcell/pre_access_implementation_amendment_v1.json	583890f90f0c89190cdb74a47170832d987a8d90b193a6acc3a1c923b031f0ab	gse342939-ra-bcell-v1-pre-access-amendment	See artifact.
gse342939_ra_bcell_source_terminal__04_streaming_reduction_clarification	gse342939_ra_bcell_source_terminal	4	streaming_reduction_clarification	FROZEN_BEFORE_ANY_NUMERIC_MATRIX_ACCESS	ALL_NUMERIC_MATRICES_UNOPENED	YES	data/confirmation/gse342939_ra_bcell/pre_access_streaming_reduction_clarification_v1.json	75d651d7f10b93e03f438fc35ea1420adca987a9f518afc8b9e1896c87c89ece	gse342939-ra-bcell-v1-streaming-reduction-clarification	See artifact.
gse342939_ra_bcell_source_terminal__05_implementation	gse342939_ra_bcell_source_terminal	5	implementation	IMPLEMENTATION_FROZEN_BEFORE_NUMERIC_ACCESS	ALL_NUMERIC_MATRICES_UNOPENED	YES	experiments/confirm_gse342939_ra_bcell.py	ae9be229aaaaf7a24640b1fa8d67a9a68778fb4ac5dca7589f463a20caebb862	gse342939-ra-bcell-v1-implementation	See artifact.
gse342939_ra_bcell_source_terminal__06_source_attempt	gse342939_ra_bcell_source_terminal	6	source_attempt	CLAIMED_BEFORE_FIRST_NUMERIC_MATRIX_GET	SOURCE_GET_AUTHORIZED_HELD_DISABLED	YES	data/confirmation/gse342939_ra_bcell/source_attempt_v1.json	612ad89e3ec4bffe8c6d460ef711a773b81918ec24b8a59c8f543e73a116d131	gse342939-ra-bcell-v1-source-attempt	See artifact.
gse342939_ra_bcell_source_terminal__07_source_consumption	gse342939_ra_bcell_source_terminal	7	source_consumption	CONSUMED_EXCLUSIVELY_BEFORE_FIRST_NUMERIC_MATRIX_GET	SOURCE_GET_CONSUMED_HELD_DISABLED	NO	data/confirmation/gse342939_ra_bcell/source_consumption_v1.json	de2d49577ca4a8bce78de227b9ee038cc3cbf09a5707f15fc5677cf46c6d6af3	gse342939-ra-bcell-v1-source	The exclusive consumption record preceded the first source GET and was published with the terminal result.
gse342939_ra_bcell_source_terminal__08_source_result	gse342939_ra_bcell_source_terminal	8	source_result	TERMINAL_SOURCE_EXECUTION_REFUSAL	ALL_SOURCE_MATRICES_REDUCED_HELD_UNOPENED	NOT_APPLICABLE	results/development/gse342939_ra_bcell_source_v1.json	563d8dd1aa3cfba8cf1c336b2162513fc9e852605392f4d733767dd98efc0eb0	gse342939-ra-bcell-v1-source	No primary configuration completed every source fold; the six held donors remained unopened.
hao_gse164378_terminal__01_terminal_record	hao_gse164378_terminal	1	terminal_record	REFUSE_SUPPORT	NOT_SCORED	UNKNOWN	results/hao_gse164378_prediction_refusal.json	bd6c0c2a5c5fae5b1b21b09627e7804ab47a4daa3a538f2035c64f739bd201a8		Single-row historical sequence; inference role is defined in the panels ledger.
kotliarov_pbmc_binary_v2_source_terminal__01_source_freeze	kotliarov_pbmc_binary_v2_source_terminal	1	source_freeze	SOURCE_ONLY_DEVELOPMENT_FROZEN_BEFORE_ADT_COUNT_ACCESS	ADT_COUNT_DATASET_UNOPENED	YES	data/confirmation/kotliarov_pbmc_binary_v2/candidate_designation_v2.json	804c9f3593f4243ed7f2bb63f262231177481075aa254995a8ee0b7a9972c4a1	kotliarov-pbmc-binary-v2-source-freeze	See artifact.
kotliarov_pbmc_binary_v2_source_terminal__02_source_authorization	kotliarov_pbmc_binary_v2_source_terminal	2	source_authorization	SOURCE_PAIRED_DEVELOPMENT_ACCESS_AUTHORIZED	DEVELOPMENT_PAIRED_VALUES_AUTHORIZED_HELD_ADT_DISABLED	YES	data/confirmation/kotliarov_pbmc_binary_v2/source_authorization_v2.json	1b6fd95ae23d7cf7f5427eb1f21ee31461e0ed48973366356b924d7132fc5b81	b94322b43c359d58cec931ca2973e7e40deb251a	See artifact.
kotliarov_pbmc_binary_v2_source_terminal__03_source_attempt	kotliarov_pbmc_binary_v2_source_terminal	3	source_attempt	CLAIMED_ONE_SHOT_BEFORE_COUNT_DATASET_OPEN	SOURCE_COUNT_ACCESS_BEGAN_AFTER_RECORD	NO	data/confirmation/kotliarov_pbmc_binary_v2/source_attempt_v2.json	8d276cc0c404fc2a379390d478ec1a14582f6aa6eaa469b915b15b70d6450b1a	8bf42230fb9b406aeba0a510daf9d30336448261	The one-shot attempt record was written locally before source count access and published with the terminal result.
kotliarov_pbmc_binary_v2_source_terminal__04_source_result	kotliarov_pbmc_binary_v2_source_terminal	4	source_result	TERMINAL_SOURCE_EXECUTION_REFUSAL	DEVELOPMENT_ONLY_HELD_ADT_UNAUTHORIZED	NOT_APPLICABLE	results/development/kotliarov_pbmc_binary_v2_source_v2.json	12aacf4dc05efabcd2d745abc0319f6a2676e5d26eb50054849005424b1a071c	8bf42230fb9b406aeba0a510daf9d30336448261	No frozen configuration completed every source-held fold; no comparisons or held run were produced.
kotliarov_pbmc_binary_v2_source_terminal__05_postrun_access_certificate	kotliarov_pbmc_binary_v2_source_terminal	5	postrun_access_certificate	DETERMINISTIC_CODE_PATH_AUDIT_HELD_ADT_UNREACHABLE	HELD_ADT_VALUES_UNREACHED_BY_BOUND_CODE_PATH	NOT_APPLICABLE	data/confirmation/kotliarov_pbmc_binary_v2/source_access_code_path_certificate_v2.json	1fed7f94958a07a71a195e80ce2b88f326ff2f47274733133c6b4f7dfd47d0d6	kotliarov-pbmc-binary-v2-source-terminal	Deterministic post-run code-path audit, explicitly not an instrumented runtime observation; the one-shot attempt and result remain unchanged.
kotliarov_pbmc_terminal__01_terminal_record	kotliarov_pbmc_terminal	1	terminal_record	REFUSE_SUPPORT	NOT_SCORED	UNKNOWN	results/kotliarov_pbmc_public_refusal.json	34d59fcbdcceeefb449a430bca7a0f502611d343a2ebd19fc44a7f5fd26a1324		Single-row historical sequence; inference role is defined in the panels ledger.
lawlor_hca_terminal__01_terminal_record	lawlor_hca_terminal	1	terminal_record	REFUSE_EXECUTION	NOT_SCORED	UNKNOWN	results/lawlor_hca_pbmc_predictions.json	6e1435ef5a5c326a2d4f8cd69c55bd2c0cf7568685ab192b84855e8f564ada4a		Single-row historical sequence; inference role is defined in the panels ledger.
multiperturb_rna_atac__01_terminal_record	multiperturb_rna_atac	1	terminal_record	REFUSE	SCORED	UNKNOWN	results/multiperturb_conditional_fields.json	a59d3b82b914991fbb2e08195e5401b2dde249158e5f9c923decfcc1e1df4507		Single-row historical sequence; inference role is defined in the panels ledger.
papalexi_ecciteseq__01_terminal_record	papalexi_ecciteseq	1	terminal_record	REFUSE	SCORED	UNKNOWN	results/public_coupling_atlas_benchmark_v4_final_estimator.json	eb250bd749c92b7278e7e8c54e89f5126f3367ed489a91b664f1d664ea083195		Single-row historical sequence; inference role is defined in the panels ledger.
perturbfate__01_terminal_record	perturbfate	1	terminal_record	REFUSE	SCORED	UNKNOWN	results/development/perturbfate_conditional_fields.json	cdf0c2cf66facfbbdfb03ac7a20c97d4cdaf4fc0bc9c63025e825dbeb1715c26		Single-row historical sequence; inference role is defined in the panels ledger.
perturbsci_kinetics__01_terminal_record	perturbsci_kinetics	1	terminal_record	PROMOTE	SCORED	UNKNOWN	results/public_coupling_atlas_benchmark_v4_final_estimator.json	eb250bd749c92b7278e7e8c54e89f5126f3367ed489a91b664f1d664ea083195		Single-row historical sequence; inference role is defined in the panels ledger.
poki_gse143417_terminal__01_terminal_record	poki_gse143417_terminal	1	terminal_record	REFUSE_PREFLIGHT	NOT_SCORED	UNKNOWN	results/gse143417_pokiseq_preflight_refusal.json	24f7ad70fbbfd4e7482809db58bd94d1156c1e22c2dd94fa77d66b1d6acdcf24		Single-row historical sequence; inference role is defined in the panels ledger.
resistrace__01_terminal_record	resistrace	1	terminal_record	REFUSE	SCORED	UNKNOWN	results/resistrace_conditional_fields.json	edef0dba1d1dd94f19829088cb1fcd00f72dbacbc0695516b9c25afee6b20ffb		Single-row historical sequence; inference role is defined in the panels ledger.
scmmib_bmmc_adaptive_development__01_adaptive_development_audit	scmmib_bmmc_adaptive_development	1	adaptive_development_audit	RETROSPECTIVE_ADAPTIVE_DEVELOPMENT_ONLY	NONHELD_ONLY	NO	results/development/exact_logodds_head_to_head_v1.json	22bbad8efad2dd9b5172a33e8b2fdaf568114103fd7045a80a58eb842bb09d2a		See artifact.
scmmib_bmmc_terminal__01_protocol	scmmib_bmmc_terminal	1	protocol	OUTCOME_ACCESS_DISABLED	HELD_DISABLED	YES	docs/SCMMIB_BMMC_HELD_DONOR_CONFIRMATION_PROTOCOL_2026-08-28.md	6d32fe7c94738dd225b9d8b051f56461b29d07595f03d7d209d7bec4cdac357d	bmmc-held-donor-v1-protocol	See artifact.
scmmib_bmmc_terminal__02_development_attempt_1	scmmib_bmmc_terminal	2	development_attempt_1	TERMINAL_ATTEMPT_REFUSAL_NUMERICAL	NONHELD_ONLY	NOT_APPLICABLE	results/development/scmmib_bmmc_exact_development_attempt_1_refusal.json	72d3a2a25d4aa7d51f9e341668dbef3043acf3190284baa930c37c77950bb697		See artifact.
scmmib_bmmc_terminal__03_development_attempt_2	scmmib_bmmc_terminal	3	development_attempt_2	ABORTED_BYTE_FREEZE_TRANSITION	NONHELD_ONLY	NOT_APPLICABLE	results/development/scmmib_bmmc_exact_development_attempt_2_aborted.json	e228d35dea7f39aa112afdc774e9d34376c19fed6df1d1a956c5e4d1b66a9e30		See artifact.
scmmib_bmmc_terminal__04_development_attempt_3	scmmib_bmmc_terminal	4	development_attempt_3	TERMINAL_NUMERICAL_EQUIVALENCE_RETRY_REFUSAL	NONHELD_ONLY	NOT_APPLICABLE	results/development/scmmib_bmmc_exact_development_attempt_3_terminal_refusal.json	caf920719694487ba228dc64ac14ed4a6579619349f496f7154372920f3e128c		No held count slice, prediction, or score was formed.
stephenson_newcastle_confirmation__01_protocol	stephenson_newcastle_confirmation	1	protocol	PUBLIC_FREEZE_VERIFIED	DISABLED	YES	docs/STEPHENSON_CITESEQ_HELD_SITE_CONFIRMATION_PROTOCOL_2026-08-28.md	61c964ceab77d1bb6a11dda4ea40012a879570e2f7d32b29e47934c49f541144		Outcome-disabled public analysis plan.
stephenson_newcastle_confirmation__02_prediction	stephenson_newcastle_confirmation	2	prediction	FROZEN_HELD_PREDICTIONS	RNA_MARGINS_ONLY	YES	results/stephenson_citeseq_predictions.json	7a183d4a2f55922dc07f8cbcdca904893710fe008e9169fdf618532ba06ea6e2		Predictions were public before paired held-site truth scoring.
stephenson_newcastle_confirmation__03_score_authorization	stephenson_newcastle_confirmation	3	score_authorization	OUTCOME_ACCESS_AUTHORIZED	PAIRED_TRUTH_AUTHORIZED	YES	data/confirmation/stephenson_citeseq/score_authorization_v1.json	6e5552208757b65dce1c7c47ca5851d2e7b9a239514d329db415ea88ee064c6c		See artifact.
stephenson_newcastle_confirmation__04_score	stephenson_newcastle_confirmation	4	score	CONFIRMATION_PASS	PAIRED_TRUTH_SCORED	NOT_APPLICABLE	results/stephenson_citeseq_confirmation.json	5eb5fd2b41df7f4f7d822a92765ffe69854dcbe5f572f2db35cf433d7dd0adb1		See artifact.
stephenson_unused_cambridge_terminal__01_protocol	stephenson_unused_cambridge_terminal	1	protocol	PUBLIC_FREEZE	DISABLED	YES	docs/STEPHENSON_UNUSED_CAMBRIDGE_HELD_DONOR_PROTOCOL_2026-08-29.md	a4d302c5c7c0fd8f28b5c3d7d8a142120816d89eb13ba82a801cc0c23f8b3c61	stephenson-unused-cambridge-v1-protocol	See artifact.
stephenson_unused_cambridge_terminal__02_preaccess	stephenson_unused_cambridge_terminal	2	preaccess	PASS_H5AD_UNOPENED	H5AD_UNOPENED	YES	results/development/stephenson_unused_cambridge_preaccess_v1.json	9a4acf9d9ea8321398de9ddd7091aa782340db5b18e748d3a82c2c9f68177232		See artifact.
stephenson_unused_cambridge_terminal__03_recovery_amendment	stephenson_unused_cambridge_terminal	3	recovery_amendment	ONE_REPLACEMENT_DEFINED	RNA_MARGIN_ONLY_REPLACEMENT	YES	docs/STEPHENSON_UNUSED_CAMBRIDGE_PREDICTION_RECOVERY_AMENDMENT_2026-08-29.md	e078c6fd403a8b7431e451357ef5e4479b30f629087f4bb4a7cc00b8ceef9b15	stephenson-unused-cambridge-v1.1-recovery	See artifact.
stephenson_unused_cambridge_terminal__04_prediction_and_score	stephenson_unused_cambridge_terminal	4	prediction_and_score	TERMINAL_INFRASTRUCTURE_UNEVALUABLE	NO_PREDICTION_OR_SCORE_RECORDED	NOT_APPLICABLE	data/confirmation/stephenson_unused_cambridge/prediction_terminal_record_v1_1.json	288cb761236235a0e6d3df3d3984568a108648548cd5e1c5c380c6b75be51042	stephenson-unused-cambridge-v1.1-terminal	Published terminal infrastructure record; neither a scientific pass nor a scientific failure.
